Unity Editor version:    6000.3.12f1 (fca03ac9b0d5)
Branch:                  6000.3/staging
Build type:              Release
Batch mode:              YES
macOS version:           Version 26.3.1 (Build 25D2128)
Darwin version:          25.3.0
Architecture:            arm64
Running under Rosetta:   NO
Available memory:        16384 MB
Date:                    2026-05-27T04:48:31Z
[Licensing::Module] Trying to connect to existing licensing client channel...
[Licensing::IpcConnector] Successfully connected to: "LicenseClient-ekansh" at "2026-05-27T04:48:31.257202Z"

COMMAND LINE ARGUMENTS:
/Applications/Unity/Hub/Editor/6000.3.12f1/Unity.app/Contents/MacOS/Unity
-adb2
-batchMode
-noUpm
-name
AssetImportWorker0
-projectPath
/Users/ekansh/SlotBase-ColorfulOrchard
-logFile
Logs/AssetImportWorker0.log
-srvPort
49242
-licensingIpc
LicenseClient-ekansh
-job-worker-count
4
-background-job-worker-count
8
-gc-helper-count
1
-name AssetImport
Successfully changed project path to: /Users/ekansh/SlotBase-ColorfulOrchard
/Users/ekansh/SlotBase-ColorfulOrchard
[UnityMemory] Configuration Parameters - Can be set up in boot.config
    "memorysetup-allocator-temp-initial-block-size-main=262144"
    "memorysetup-allocator-temp-initial-block-size-worker=262144"
    "memorysetup-temp-allocator-size-background-worker=32768"
    "memorysetup-temp-allocator-size-job-worker=262144"
    "memorysetup-temp-allocator-size-preload-manager=33554432"
    "memorysetup-temp-allocator-size-nav-mesh-worker=65536"
    "memorysetup-temp-allocator-size-audio-worker=65536"
    "memorysetup-temp-allocator-size-cloud-worker=32768"
    "memorysetup-bucket-allocator-granularity=16"
    "memorysetup-bucket-allocator-bucket-count=8"
    "memorysetup-bucket-allocator-block-size=33554432"
    "memorysetup-bucket-allocator-block-count=8"
    "memorysetup-main-allocator-block-size=16777216"
    "memorysetup-thread-allocator-block-size=16777216"
    "memorysetup-gfx-main-allocator-block-size=16777216"
    "memorysetup-gfx-thread-allocator-block-size=16777216"
    "memorysetup-cache-allocator-block-size=4194304"
    "memorysetup-typetree-allocator-block-size=2097152"
    "memorysetup-profiler-bucket-allocator-granularity=16"
    "memorysetup-profiler-bucket-allocator-bucket-count=8"
    "memorysetup-profiler-bucket-allocator-block-size=33554432"
    "memorysetup-profiler-bucket-allocator-block-count=8"
    "memorysetup-profiler-allocator-block-size=16777216"
    "memorysetup-profiler-editor-allocator-block-size=1048576"
    "memorysetup-temp-allocator-size-main=16777216"
    "memorysetup-job-temp-allocator-block-size=2097152"
    "memorysetup-job-temp-allocator-block-size-background=1048576"
    "memorysetup-job-temp-allocator-reduction-small-platforms=262144"
    "memorysetup-temp-allocator-size-gi-baking-worker=262144"
    "memorysetup-temp-allocator-size-gi-baking-worker=262144"
    "memorysetup-temp-allocator-size-gi-baking-worker=262144"
    "memorysetup-temp-allocator-size-gi-baking-worker=262144"
    "memorysetup-temp-allocator-size-gi-baking-worker=262144"
    "memorysetup-temp-allocator-size-gfx=262144"
Player connection [8758096128]  Target information:

Player connection [8758096128]  * "[IP] 192.168.1.199 [Port] 0 [Flags] 2 [Guid] 3993310707 [EditorId] 3993310707 [Version] 1048832 [Id] OSXEditor(0,Ekanshs-MacBook-Pro.local) [Debug] 1 [PackageName] OSXEditor [ProjectName] Editor" 

Player connection [8758096128] Host joined multi-casting on [225.0.0.222:54997]...
Player connection [8758096128] Host joined alternative multi-casting on [225.0.0.222:34997]...
JobSystem: Creating JobQueue using job-worker-count value 4
Input System module state changed to: Initialized.
[Physics::Module] Initialized fallback backend.
[Physics::Module] Id: 0xdecafbad
Library Redirect Path: Library/
[Physics::Module] Selected backend.
[Physics::Module] Name: PhysX
[Physics::Module] Id: 0xf2b8ea05
[Physics::Module] SDK Version: 4.1.2
[Physics::Module] Integration Version: 1.0.0
[Physics::Module] Threading Mode: Multi-Threaded
Refreshing native plugins compatible for Editor in 4.01 ms, found 2 plugins.
Preloading 0 native plugins for Editor in 0.00 ms.
Initialize engine version: 6000.3.12f1 (fca03ac9b0d5)
[Subsystems] Discovering subsystems at path /Applications/Unity/Hub/Editor/6000.3.12f1/Unity.app/Contents/Resources/UnitySubsystems
[Subsystems] Discovering subsystems at path /Users/ekansh/SlotBase-ColorfulOrchard/Assets
GfxDevice: creating device client; kGfxThreadingModeNonThreaded
 preferred device: Apple M4 (high power)
Metal devices available: 1
0: Apple M4 (high power)
Using device Apple M4 (high power)
Initializing Metal device caps: Apple M4
Mac GPU Family: 2
Apple GPU Family: 9
MSL Version: 3.0
Has Float MSAA: 1
Has Float Filtering: 1
ReadWrite Texture Tier: 2
Initialize mono
Mono path[0] = '/Applications/Unity/Hub/Editor/6000.3.12f1/Unity.app/Contents/Resources/Scripting/Managed'
Mono path[1] = '/Applications/Unity/Hub/Editor/6000.3.12f1/Unity.app/Contents/Resources/Scripting/MonoBleedingEdge/lib/mono/unityjit-macos'
Mono config path = '/Applications/Unity/Hub/Editor/6000.3.12f1/Unity.app/Contents/Resources/Scripting/MonoBleedingEdge/etc'
Using monoOptions --debugger-agent=transport=dt_socket,embedding=1,server=y,suspend=n,address=127.0.0.1:56494
Begin MonoManager ReloadAssembly
Registering precompiled unity dll's ...
Register platform support module: /Applications/Unity/Hub/Editor/6000.3.12f1/PlaybackEngines/WebGLSupport/UnityEditor.WebGL.Extensions.dll
Register platform support module: /Applications/Unity/Hub/Editor/6000.3.12f1/Unity.app/Contents/PlaybackEngines/MacStandaloneSupport/UnityEditor.OSXStandalone.Extensions.dll
Register platform support module: /Applications/Unity/Hub/Editor/6000.3.12f1/PlaybackEngines/WindowsStandaloneSupport/UnityEditor.WindowsStandalone.Extensions.dll
[Licensing::Module] Licensing is not yet initialized.
[Licensing::Client] Error: HandshakeResponse reported an error:
	ResponseCode: 505
	ResponseStatus: Unsupported protocol version '1.18.1'.
[Licensing::Module] Error: Failed to handshake to channel: "LicenseClient-ekansh"
[Licensing::IpcConnector] LicenseClient-ekansh channel disconnected successfully.
[Licensing::IpcConnector] Successfully connected to: "LicenseClient-ekansh-6000.3.12" at "2026-05-27T04:48:31.79339Z"
[Licensing::Client] Handshaking with LicensingClient:
  Version:                 1.18.1+9fbee8e
  Session Id:              dce98cc22ad346888029e47abe7a9d28
  Correlation Id:          77491a29c64837181a0d443a75fa1ced
  External correlation Id: 6513957929569982894
  Machine Id:              T6PRZgWmeJNN6t/qHh+fGWtf7D8=
[Licensing::Module] Successfully connected to LicensingClient on channel: "LicenseClient-ekansh-6000.3.12" (connect: 0.00s, validation: 0.00s, handshake: 0.38s)
[Licensing::IpcConnector] Successfully connected to: "LicenseClient-ekansh-6000.3.12-notifications" at "2026-05-27T04:48:32.175899Z"
[Licensing::Module] Licensing Background thread has ended after 0.92s
[Licensing::Module] Licensing is initialized (took 0.42s).
[Licensing::Client] Successfully resolved entitlement details
[Licensing::Module] License group:
  Id: 13469872263598-UnityPersXXXX
  Product: Unity Personal
  Type: Assigned
  Expiration: Unlimited
Register platform support module: /Applications/Unity/Hub/Editor/6000.3.12f1/PlaybackEngines/AndroidPlayer/UnityEditor.Android.Extensions.dll
[Licensing::Client] Successfully resolved entitlement details
Register platform support module: /Applications/Unity/Hub/Editor/6000.3.12f1/PlaybackEngines/iOSSupport/UnityEditor.iOS.Extensions.dll
Registered in 0.425390 seconds.
- Loaded All Assemblies, in  0.681 seconds
[usbmuxd] Start listen thread
[usbmuxd] Listen thread started
[usbmuxd] Send listen message
Native extension for iOS target not found
2026-05-27 10:18:32.373 Unity[1494:60660] [XcodeApplications] Expected com.apple.dt.Xcode CFBundleIdentifier but found com.microsoft.VSCode in /Applications/Visual Studio Code.app/Contents/Info.plist
Native extension for Android target not found
Native extension for WindowsStandalone target not found
Native extension for OSXStandalone target not found
Native extension for WebGL target not found
Package Manager log level set to [2]
[Package Manager] Failed to launch server process. Reason: Unity was launched with the -noUpm command-line argument
[Package Manager] Unable to send message (not connected to server process).
[Package Manager] Cannot connect to Unity Package Manager local server
ScheduleIndexationOnStartup MainProcess:False IndexOnStartup:True
Mono: successfully reloaded assembly
- Finished resetting the current domain, in  0.243 seconds
Domain Reload Profiling: 924ms
	BeginReloadAssembly (92ms)
		ExecutionOrderSort (0ms)
		DisableScriptedObjects (0ms)
		BackupInstance (0ms)
		ReleaseScriptingObjects (0ms)
		CreateAndSetChildDomain (0ms)
	RebuildCommonClasses (23ms)
	RebuildNativeTypeToScriptingClass (7ms)
	initialDomainReloadingComplete (447ms)
	LoadAllAssembliesAndSetupDomain (111ms)
		LoadAssemblies (93ms)
		RebuildTransferFunctionScriptingTraits (0ms)
		AnalyzeDomain (109ms)
			TypeCache.Refresh (108ms)
				TypeCache.ScanAssembly (98ms)
			BuildScriptInfoCaches (0ms)
			ResolveRequiredComponents (0ms)
	FinalizeReload (243ms)
		ReleaseScriptCaches (0ms)
		RebuildScriptCaches (0ms)
		SetupLoadedEditorAssemblies (213ms)
			LogAssemblyErrors (0ms)
			InitializePlatformSupportModulesInManaged (53ms)
			SetLoadedEditorAssemblies (2ms)
			BeforeProcessingInitializeOnLoad (43ms)
			ProcessInitializeOnLoadAttributes (65ms)
			ProcessInitializeOnLoadMethodAttributes (49ms)
			AfterProcessingInitializeOnLoad (0ms)
			EditorAssembliesLoaded (0ms)
		ExecutionOrderSort2 (0ms)
		AwakeInstancesAfterBackupRestoration (0ms)
[CoreBusinessMetrics] Unexpected thread when updating session info.
========================================================================
Worker process is ready to serve import requests
Import Worker Mode flag is 0x00
Begin MonoManager ReloadAssembly
[Licensing::Client] Successfully resolved entitlement details
Symbol file LoadedFromMemory is not a mono symbol file
- Loaded All Assemblies, in  0.418 seconds
Refreshing native plugins compatible for Editor in 0.40 ms, found 2 plugins.
Native extension for iOS target not found
2026-05-27 10:18:33.307 Unity[1494:60660] [XcodeApplications] Expected com.apple.dt.Xcode CFBundleIdentifier but found com.microsoft.VSCode in /Applications/Visual Studio Code.app/Contents/Info.plist
Native extension for Android target not found
Native extension for WindowsStandalone target not found
Native extension for OSXStandalone target not found
Native extension for WebGL target not found
[Package Manager] Failed to launch server process. Reason: Unity was launched with the -noUpm command-line argument
[Package Manager] Unable to send message (not connected to server process).
[Package Manager] Cannot connect to Unity Package Manager local server
[Package Manager] Failed to launch server process. Reason: Unity was launched with the -noUpm command-line argument
[Package Manager] Unable to send message (not connected to server process).
[Package Manager] Cannot connect to Unity Package Manager local server
ScheduleIndexationOnStartup MainProcess:False IndexOnStartup:True
Mono: successfully reloaded assembly
- Finished resetting the current domain, in  0.330 seconds
Domain Reload Profiling: 748ms
	BeginReloadAssembly (66ms)
		ExecutionOrderSort (0ms)
		DisableScriptedObjects (2ms)
		BackupInstance (0ms)
		ReleaseScriptingObjects (0ms)
		CreateAndSetChildDomain (13ms)
	RebuildCommonClasses (19ms)
	RebuildNativeTypeToScriptingClass (7ms)
	initialDomainReloadingComplete (16ms)
	LoadAllAssembliesAndSetupDomain (309ms)
		LoadAssemblies (210ms)
		RebuildTransferFunctionScriptingTraits (0ms)
		AnalyzeDomain (127ms)
			TypeCache.Refresh (97ms)
				TypeCache.ScanAssembly (84ms)
			BuildScriptInfoCaches (23ms)
			ResolveRequiredComponents (5ms)
	FinalizeReload (330ms)
		ReleaseScriptCaches (0ms)
		RebuildScriptCaches (0ms)
		SetupLoadedEditorAssemblies (271ms)
			LogAssemblyErrors (0ms)
			InitializePlatformSupportModulesInManaged (9ms)
			SetLoadedEditorAssemblies (2ms)
			BeforeProcessingInitializeOnLoad (70ms)
			ProcessInitializeOnLoadAttributes (161ms)
			ProcessInitializeOnLoadMethodAttributes (28ms)
			AfterProcessingInitializeOnLoad (0ms)
			EditorAssembliesLoaded (0ms)
		ExecutionOrderSort2 (0ms)
		AwakeInstancesAfterBackupRestoration (1ms)
WARNING: Shader Unsupported: 'Spine/Outline/Blend Modes/Skeleton PMA Screen' - All subshaders removed
WARNING: Shader Did you use #pragma only_renderers and omit this platform?
WARNING: Shader If subshaders removal was intentional, you may have forgotten turning Fallback off?
WARNING: Shader Unsupported: 'Spine/Outline/Blend Modes/Skeleton PMA Screen' - All subshaders removed
WARNING: Shader Did you use #pragma only_renderers and omit this platform?
WARNING: Shader If subshaders removal was intentional, you may have forgotten turning Fallback off?
WARNING: Shader Unsupported: 'Spine/Outline/Skeleton Tint Black' - All subshaders removed
WARNING: Shader Did you use #pragma only_renderers and omit this platform?
WARNING: Shader If subshaders removal was intentional, you may have forgotten turning Fallback off?
WARNING: Shader Unsupported: 'Spine/Outline/Skeleton Tint Black' - All subshaders removed
WARNING: Shader Did you use #pragma only_renderers and omit this platform?
WARNING: Shader If subshaders removal was intentional, you may have forgotten turning Fallback off?
WARNING: Shader Unsupported: 'Spine/Outline/SkeletonGraphic' - All subshaders removed
WARNING: Shader Did you use #pragma only_renderers and omit this platform?
WARNING: Shader If subshaders removal was intentional, you may have forgotten turning Fallback off?
WARNING: Shader Unsupported: 'Spine/Outline/SkeletonGraphic' - All subshaders removed
WARNING: Shader Did you use #pragma only_renderers and omit this platform?
WARNING: Shader If subshaders removal was intentional, you may have forgotten turning Fallback off?
WARNING: Shader Unsupported: 'Spine/Outline/Special/Skeleton Grayscale' - All subshaders removed
WARNING: Shader Did you use #pragma only_renderers and omit this platform?
WARNING: Shader If subshaders removal was intentional, you may have forgotten turning Fallback off?
WARNING: Shader Unsupported: 'Spine/Outline/Special/Skeleton Grayscale' - All subshaders removed
WARNING: Shader Did you use #pragma only_renderers and omit this platform?
WARNING: Shader If subshaders removal was intentional, you may have forgotten turning Fallback off?
WARNING: Shader Unsupported: 'Spine/Outline/Sprite/Vertex Lit' - All subshaders removed
WARNING: Shader Did you use #pragma only_renderers and omit this platform?
WARNING: Shader If subshaders removal was intentional, you may have forgotten turning Fallback off?
WARNING: Shader Unsupported: 'Spine/Outline/Sprite/Vertex Lit' - All subshaders removed
WARNING: Shader Did you use #pragma only_renderers and omit this platform?
WARNING: Shader If subshaders removal was intentional, you may have forgotten turning Fallback off?
WARNING: Shader Unsupported: 'Spine/Outline/SkeletonGraphic Tint Black' - All subshaders removed
WARNING: Shader Did you use #pragma only_renderers and omit this platform?
WARNING: Shader If subshaders removal was intentional, you may have forgotten turning Fallback off?
WARNING: Shader Unsupported: 'Spine/Outline/SkeletonGraphic Tint Black' - All subshaders removed
WARNING: Shader Did you use #pragma only_renderers and omit this platform?
WARNING: Shader If subshaders removal was intentional, you may have forgotten turning Fallback off?
WARNING: Shader Unsupported: 'Spine/Outline/Skeleton Lit ZWrite' - All subshaders removed
WARNING: Shader Did you use #pragma only_renderers and omit this platform?
WARNING: Shader If subshaders removal was intentional, you may have forgotten turning Fallback off?
WARNING: Shader Unsupported: 'Spine/Outline/Skeleton Lit ZWrite' - All subshaders removed
WARNING: Shader Did you use #pragma only_renderers and omit this platform?
WARNING: Shader If subshaders removal was intentional, you may have forgotten turning Fallback off?
WARNING: Shader Unsupported: 'Spine/Outline/Skeleton Fill' - All subshaders removed
WARNING: Shader Did you use #pragma only_renderers and omit this platform?
WARNING: Shader If subshaders removal was intentional, you may have forgotten turning Fallback off?
WARNING: Shader Unsupported: 'Spine/Outline/Skeleton Fill' - All subshaders removed
WARNING: Shader Did you use #pragma only_renderers and omit this platform?
WARNING: Shader If subshaders removal was intentional, you may have forgotten turning Fallback off?
WARNING: Shader Unsupported: 'Spine/Outline/Blend Modes/Skeleton PMA Additive' - All subshaders removed
WARNING: Shader Did you use #pragma only_renderers and omit this platform?
WARNING: Shader If subshaders removal was intentional, you may have forgotten turning Fallback off?
WARNING: Shader Unsupported: 'Spine/Outline/Blend Modes/Skeleton PMA Additive' - All subshaders removed
WARNING: Shader Did you use #pragma only_renderers and omit this platform?
WARNING: Shader If subshaders removal was intentional, you may have forgotten turning Fallback off?
WARNING: Shader Unsupported: 'Spine/Outline/Skeleton Lit' - All subshaders removed
WARNING: Shader Did you use #pragma only_renderers and omit this platform?
WARNING: Shader If subshaders removal was intentional, you may have forgotten turning Fallback off?
WARNING: Shader Unsupported: 'Spine/Outline/Skeleton Lit' - All subshaders removed
WARNING: Shader Did you use #pragma only_renderers and omit this platform?
WARNING: Shader If subshaders removal was intentional, you may have forgotten turning Fallback off?
WARNING: Shader Unsupported: 'Spine/Outline/Sprite/Unlit' - All subshaders removed
WARNING: Shader Did you use #pragma only_renderers and omit this platform?
WARNING: Shader If subshaders removal was intentional, you may have forgotten turning Fallback off?
WARNING: Shader Unsupported: 'Spine/Outline/Sprite/Unlit' - All subshaders removed
WARNING: Shader Did you use #pragma only_renderers and omit this platform?
WARNING: Shader If subshaders removal was intentional, you may have forgotten turning Fallback off?
WARNING: Shader Unsupported: 'Spine/Outline/Blend Modes/Skeleton PMA Multiply' - All subshaders removed
WARNING: Shader Did you use #pragma only_renderers and omit this platform?
WARNING: Shader If subshaders removal was intentional, you may have forgotten turning Fallback off?
WARNING: Shader Unsupported: 'Spine/Outline/Blend Modes/Skeleton PMA Multiply' - All subshaders removed
WARNING: Shader Did you use #pragma only_renderers and omit this platform?
WARNING: Shader If subshaders removal was intentional, you may have forgotten turning Fallback off?
WARNING: Shader Unsupported: 'Spine/Outline/Skeleton Tint' - All subshaders removed
WARNING: Shader Did you use #pragma only_renderers and omit this platform?
WARNING: Shader If subshaders removal was intentional, you may have forgotten turning Fallback off?
WARNING: Shader Unsupported: 'Spine/Outline/Skeleton Tint' - All subshaders removed
WARNING: Shader Did you use #pragma only_renderers and omit this platform?
WARNING: Shader If subshaders removal was intentional, you may have forgotten turning Fallback off?
WARNING: Shader Unsupported: 'Spine/Outline/Sprite/Pixel Lit' - All subshaders removed
WARNING: Shader Did you use #pragma only_renderers and omit this platform?
WARNING: Shader If subshaders removal was intentional, you may have forgotten turning Fallback off?
WARNING: Shader Unsupported: 'Spine/Outline/Sprite/Pixel Lit' - All subshaders removed
WARNING: Shader Did you use #pragma only_renderers and omit this platform?
WARNING: Shader If subshaders removal was intentional, you may have forgotten turning Fallback off?
Launching external process: /Applications/Unity/Hub/Editor/6000.3.12f1/Unity.app/Contents/Helpers/UnityShaderCompiler
Launched and connected shader compiler UnityShaderCompiler after 0.02 seconds
Refreshing native plugins compatible for Editor in 0.49 ms, found 2 plugins.
Preloading 0 native plugins for Editor in 0.00 ms.
Unloading 14 Unused Serialized files (Serialized files now loaded: 0)
Unloading 7056 unused Assets / (3.3 MB). Loaded Objects now: 7670.
Memory consumption went from 126.2 MB to 122.9 MB.
Total: 6.456917 ms (FindLiveObjects: 0.612625 ms CreateObjectMapping: 0.154417 ms MarkObjects: 3.873417 ms  DeleteObjects: 1.816250 ms)

========================================================================
Received Import Request.
  Time since last request: 4198.339742 seconds.
  path: Assets/Graphics/Colorful Orchard/PNG_folder/UI/COLORFULORCHARD_BTN/ColorfulOrchard_btn_sound_90x90_v01.png
  artifactKey: Guid(243280c9444a84906acc5a165fba7719) Importer(2089858483,b0f066a214c2f5e87bad3c948f4d605d)
Start importing Assets/Graphics/Colorful Orchard/PNG_folder/UI/COLORFULORCHARD_BTN/ColorfulOrchard_btn_sound_90x90_v01.png using Guid(243280c9444a84906acc5a165fba7719) Importer(2089858483,b0f066a214c2f5e87bad3c948f4d605d) (ScriptedImporter) -> (artifact id: '2407fbfe71a8f22f3f79065ec4d53ff2') in 0.052807083 seconds
Number of updated asset objects reloaded before import = 0Number of asset objects unloaded after import = 3

========================================================================
Received Import Request.
  Time since last request: 0.000032 seconds.
  path: Assets/Graphics/Colorful Orchard/PNG_folder/UI/COLORFULORCHARD_BTN/ColorfulOrchard_btn_i_90x90_v01.png
  artifactKey: Guid(d28a0bf49f74540f3a5aa72b5d8c22c7) Importer(2089858483,b0f066a214c2f5e87bad3c948f4d605d)
Start importing Assets/Graphics/Colorful Orchard/PNG_folder/UI/COLORFULORCHARD_BTN/ColorfulOrchard_btn_i_90x90_v01.png using Guid(d28a0bf49f74540f3a5aa72b5d8c22c7) Importer(2089858483,b0f066a214c2f5e87bad3c948f4d605d) (ScriptedImporter) -> (artifact id: 'addc2418f86a379f4f20a8e15590e427') in 0.003734083 seconds
Number of updated asset objects reloaded before import = 0Number of asset objects unloaded after import = 3

========================================================================
Received Import Request.
  Time since last request: 0.000056 seconds.
  path: Assets/Graphics/Colorful Orchard/PNG_folder/UI/COLORFULORCHARD_BTN/ColorfulOrchard_bottombar_win_500x110_v01.png
  artifactKey: Guid(3cf72fea61077431084ee949e65ca2a3) Importer(815301076,1909f56bfc062723c751e8b465ee728b)
Start importing Assets/Graphics/Colorful Orchard/PNG_folder/UI/COLORFULORCHARD_BTN/ColorfulOrchard_bottombar_win_500x110_v01.png using Guid(3cf72fea61077431084ee949e65ca2a3) Importer(815301076,1909f56bfc062723c751e8b465ee728b) (PreviewImporter) -> (artifact id: '410bcd99d1a9796924a271399fb8fc2b') in 0.037920416 seconds
Number of updated asset objects reloaded before import = 0Number of asset objects unloaded after import = 3

========================================================================
Received Import Request.
  Time since last request: 0.000026 seconds.
  path: Assets/Graphics/Colorful Orchard/PNG_folder/UI/COLORFULORCHARD_BTN/ColorfulOrchard_btn_Bet_275x100_v04.png
  artifactKey: Guid(a94c775b5b25247caaa3c5ba565d6c9a) Importer(2089858483,b0f066a214c2f5e87bad3c948f4d605d)
Start importing Assets/Graphics/Colorful Orchard/PNG_folder/UI/COLORFULORCHARD_BTN/ColorfulOrchard_btn_Bet_275x100_v04.png using Guid(a94c775b5b25247caaa3c5ba565d6c9a) Importer(2089858483,b0f066a214c2f5e87bad3c948f4d605d) (ScriptedImporter) -> (artifact id: 'ec709d549cf2f883ba6f90e6e6289dc3') in 0.003608 seconds
Number of updated asset objects reloaded before import = 0Number of asset objects unloaded after import = 3

========================================================================
Received Import Request.
  Time since last request: 0.000040 seconds.
  path: Assets/Graphics/Colorful Orchard/PNG_folder/UI/COLORFULORCHARD_BTN/ColorfulOrchard_btn_BackArrow_90x90_v03.png
  artifactKey: Guid(4cb9beb588ca84dc0b7b684684002c72) Importer(2089858483,b0f066a214c2f5e87bad3c948f4d605d)
Start importing Assets/Graphics/Colorful Orchard/PNG_folder/UI/COLORFULORCHARD_BTN/ColorfulOrchard_btn_BackArrow_90x90_v03.png using Guid(4cb9beb588ca84dc0b7b684684002c72) Importer(2089858483,b0f066a214c2f5e87bad3c948f4d605d) (ScriptedImporter) -> (artifact id: 'd9eade1a151c8fd7bee98042c586f5b9') in 0.003523709 seconds
Number of updated asset objects reloaded before import = 0Number of asset objects unloaded after import = 3

========================================================================
Received Import Request.
  Time since last request: 0.000087 seconds.
  path: Assets/Graphics/Colorful Orchard/PNG_folder/UI/COLORFULORCHARD_BTN/ColorfulOrchard_btn_sound_90x90_v03.png
  artifactKey: Guid(f4c358c1d589048b485d393db2f03b2d) Importer(2089858483,b0f066a214c2f5e87bad3c948f4d605d)
Start importing Assets/Graphics/Colorful Orchard/PNG_folder/UI/COLORFULORCHARD_BTN/ColorfulOrchard_btn_sound_90x90_v03.png using Guid(f4c358c1d589048b485d393db2f03b2d) Importer(2089858483,b0f066a214c2f5e87bad3c948f4d605d) (ScriptedImporter) -> (artifact id: '134f158be3d019474544b0788be32240') in 0.004199667 seconds
Number of updated asset objects reloaded before import = 0Number of asset objects unloaded after import = 3

========================================================================
Received Import Request.
  Time since last request: 0.000050 seconds.
  path: Assets/Graphics/Colorful Orchard/PNG_folder/UI/COLORFULORCHARD_BTN/ColorfulOrchard_btn_play_150x150_v02.png
  artifactKey: Guid(308039496621c44d498e29e21b79a142) Importer(2089858483,b0f066a214c2f5e87bad3c948f4d605d)
Start importing Assets/Graphics/Colorful Orchard/PNG_folder/UI/COLORFULORCHARD_BTN/ColorfulOrchard_btn_play_150x150_v02.png using Guid(308039496621c44d498e29e21b79a142) Importer(2089858483,b0f066a214c2f5e87bad3c948f4d605d) (ScriptedImporter) -> (artifact id: '7b8eac47bc04027cc141c7f50ccbec23') in 0.00339025 seconds
Number of updated asset objects reloaded before import = 0Number of asset objects unloaded after import = 3

========================================================================
Received Import Request.
  Time since last request: 0.000069 seconds.
  path: Assets/Graphics/Colorful Orchard/PNG_folder/UI/COLORFULORCHARD_BTN/ColorfulOrchard_btn_pause_150x150_v01.png
  artifactKey: Guid(e5f7d24d320644797907a36412f03469) Importer(2089858483,b0f066a214c2f5e87bad3c948f4d605d)
Start importing Assets/Graphics/Colorful Orchard/PNG_folder/UI/COLORFULORCHARD_BTN/ColorfulOrchard_btn_pause_150x150_v01.png using Guid(e5f7d24d320644797907a36412f03469) Importer(2089858483,b0f066a214c2f5e87bad3c948f4d605d) (ScriptedImporter) -> (artifact id: '5caa7346fbfeba5c525859d38252c4dc') in 0.003449667 seconds
Number of updated asset objects reloaded before import = 0Number of asset objects unloaded after import = 3

========================================================================
Received Import Request.
  Time since last request: 0.000135 seconds.
  path: Assets/Graphics/Colorful Orchard/PNG_folder/UI/COLORFULORCHARD_BTN/ColorfulOrchard_btn_MaxBet_250x100_v02.png
  artifactKey: Guid(f16369060ba41463f9e4c52a6bb82faf) Importer(2089858483,b0f066a214c2f5e87bad3c948f4d605d)
Start importing Assets/Graphics/Colorful Orchard/PNG_folder/UI/COLORFULORCHARD_BTN/ColorfulOrchard_btn_MaxBet_250x100_v02.png using Guid(f16369060ba41463f9e4c52a6bb82faf) Importer(2089858483,b0f066a214c2f5e87bad3c948f4d605d) (ScriptedImporter) -> (artifact id: '1ef1fab77c15f755ba43251f2f81841b') in 0.0035075 seconds
Number of updated asset objects reloaded before import = 0Number of asset objects unloaded after import = 3

========================================================================
Received Import Request.
  Time since last request: 0.000083 seconds.
  path: Assets/Graphics/Colorful Orchard/PNG_folder/UI/COLORFULORCHARD_BTN/ColorfulOrchard_btn_pause_150x150_v03.png
  artifactKey: Guid(48f1de4a03e1945789e0a5df21dc26f0) Importer(2089858483,b0f066a214c2f5e87bad3c948f4d605d)
Start importing Assets/Graphics/Colorful Orchard/PNG_folder/UI/COLORFULORCHARD_BTN/ColorfulOrchard_btn_pause_150x150_v03.png using Guid(48f1de4a03e1945789e0a5df21dc26f0) Importer(2089858483,b0f066a214c2f5e87bad3c948f4d605d) (ScriptedImporter) -> (artifact id: '2531b2eb6a5a60674757171ac04618a1') in 0.003773667 seconds
Number of updated asset objects reloaded before import = 0Number of asset objects unloaded after import = 3

========================================================================
Received Import Request.
  Time since last request: 0.000059 seconds.
  path: Assets/Graphics/Colorful Orchard/PNG_folder/UI/COLORFULORCHARD_BTN/ColorfulOrchard_btn_BackArrow_90x90_v01.png
  artifactKey: Guid(1ae8db940efea486c9c8400464dba06b) Importer(2089858483,b0f066a214c2f5e87bad3c948f4d605d)
Start importing Assets/Graphics/Colorful Orchard/PNG_folder/UI/COLORFULORCHARD_BTN/ColorfulOrchard_btn_BackArrow_90x90_v01.png using Guid(1ae8db940efea486c9c8400464dba06b) Importer(2089858483,b0f066a214c2f5e87bad3c948f4d605d) (ScriptedImporter) -> (artifact id: '3f08f712ff47e3c65af1ca80cf164850') in 0.003497125 seconds
Number of updated asset objects reloaded before import = 0Number of asset objects unloaded after import = 3

========================================================================
Received Import Request.
  Time since last request: 0.000052 seconds.
  path: Assets/Graphics/Colorful Orchard/PNG_folder/UI/COLORFULORCHARD_BTN/ColorfulOrchard_btn_BetPlusMinus_380x100_v03.png
  artifactKey: Guid(c3ba37eac1010432ea51f88ca37bb01b) Importer(2089858483,b0f066a214c2f5e87bad3c948f4d605d)
Start importing Assets/Graphics/Colorful Orchard/PNG_folder/UI/COLORFULORCHARD_BTN/ColorfulOrchard_btn_BetPlusMinus_380x100_v03.png using Guid(c3ba37eac1010432ea51f88ca37bb01b) Importer(2089858483,b0f066a214c2f5e87bad3c948f4d605d) (ScriptedImporter) -> (artifact id: 'c9249d428932f73e0702328ef2b997d1') in 0.00313475 seconds
Number of updated asset objects reloaded before import = 0Number of asset objects unloaded after import = 3

========================================================================
Received Import Request.
  Time since last request: 0.000040 seconds.
  path: Assets/Graphics/Colorful Orchard/PNG_folder/UI/COLORFULORCHARD_BTN/ColorfulOrchard_btn_play_150x150_v04.png
  artifactKey: Guid(15979a2b92f2f46b3b854b7b475bf307) Importer(2089858483,b0f066a214c2f5e87bad3c948f4d605d)
Start importing Assets/Graphics/Colorful Orchard/PNG_folder/UI/COLORFULORCHARD_BTN/ColorfulOrchard_btn_play_150x150_v04.png using Guid(15979a2b92f2f46b3b854b7b475bf307) Importer(2089858483,b0f066a214c2f5e87bad3c948f4d605d) (ScriptedImporter) -> (artifact id: 'f6cd67ef80214f000e3e04bbc38807eb') in 0.00318625 seconds
Number of updated asset objects reloaded before import = 0Number of asset objects unloaded after import = 3

========================================================================
Received Import Request.
  Time since last request: 0.000135 seconds.
  path: Assets/Graphics/Colorful Orchard/PNG_folder/UI/COLORFULORCHARD_BTN/ColorfulOrchard_btn_i_90x90_v02.png
  artifactKey: Guid(d6679070f9342447aa15d50c84fd6112) Importer(2089858483,b0f066a214c2f5e87bad3c948f4d605d)
Start importing Assets/Graphics/Colorful Orchard/PNG_folder/UI/COLORFULORCHARD_BTN/ColorfulOrchard_btn_i_90x90_v02.png using Guid(d6679070f9342447aa15d50c84fd6112) Importer(2089858483,b0f066a214c2f5e87bad3c948f4d605d) (ScriptedImporter) -> (artifact id: '29063eee8d2389f7ffd6304a261a0b59') in 0.004104958 seconds
Number of updated asset objects reloaded before import = 0Number of asset objects unloaded after import = 3

========================================================================
Received Import Request.
  Time since last request: 0.000036 seconds.
  path: Assets/Graphics/Colorful Orchard/PNG_folder/UI/COLORFULORCHARD_BTN/ColorfulOrchard_btn_BetWord_380x100_v01.png
  artifactKey: Guid(b2c4207ed3bc448a5b45f5c786fe0f70) Importer(2089858483,b0f066a214c2f5e87bad3c948f4d605d)
Start importing Assets/Graphics/Colorful Orchard/PNG_folder/UI/COLORFULORCHARD_BTN/ColorfulOrchard_btn_BetWord_380x100_v01.png using Guid(b2c4207ed3bc448a5b45f5c786fe0f70) Importer(2089858483,b0f066a214c2f5e87bad3c948f4d605d) (ScriptedImporter) -> (artifact id: 'fba9c7fb331c5774c3846b058bcf46f5') in 0.00296 seconds
Number of updated asset objects reloaded before import = 0Number of asset objects unloaded after import = 3

========================================================================
Received Import Request.
  Time since last request: 12.489878 seconds.
  path: Assets/Graphics/Colorful Orchard/PNG_folder/UI/COLORFULORCHARD_BTN/ColorfulOrchard_bottombar_winword_500x110_v01.png
  artifactKey: Guid(4045c7a115db54d2c8a6eeb1fc6a0f7c) Importer(815301076,1909f56bfc062723c751e8b465ee728b)
Start importing Assets/Graphics/Colorful Orchard/PNG_folder/UI/COLORFULORCHARD_BTN/ColorfulOrchard_bottombar_winword_500x110_v01.png using Guid(4045c7a115db54d2c8a6eeb1fc6a0f7c) Importer(815301076,1909f56bfc062723c751e8b465ee728b) (PreviewImporter) -> (artifact id: 'c74e3675f1e5b3034cb13e5ac4a35b4b') in 0.008188291 seconds
Number of updated asset objects reloaded before import = 0Number of asset objects unloaded after import = 3

========================================================================
Received Import Request.
  Time since last request: 0.280086 seconds.
  path: Assets/Graphics/Colorful Orchard/PNG_folder/UI/COLORFULORCHARD_BTN/ColorfulOrchard_btn_BackArrow_90x90_v01.png
  artifactKey: Guid(1ae8db940efea486c9c8400464dba06b) Importer(815301076,1909f56bfc062723c751e8b465ee728b)
Start importing Assets/Graphics/Colorful Orchard/PNG_folder/UI/COLORFULORCHARD_BTN/ColorfulOrchard_btn_BackArrow_90x90_v01.png using Guid(1ae8db940efea486c9c8400464dba06b) Importer(815301076,1909f56bfc062723c751e8b465ee728b) (PreviewImporter) -> (artifact id: '3eedf7d45accc3d88eb88a959fb0810b') in 0.004801042 seconds
Number of updated asset objects reloaded before import = 0Number of asset objects unloaded after import = 3

========================================================================
Received Import Request.
  Time since last request: 0.149090 seconds.
  path: Assets/Graphics/Colorful Orchard/PNG_folder/UI/COLORFULORCHARD_BTN/ColorfulOrchard_btn_BackArrow_90x90_v02.png
  artifactKey: Guid(a91a88bf5aa8341ad8f96e18558d0d7b) Importer(815301076,1909f56bfc062723c751e8b465ee728b)
Start importing Assets/Graphics/Colorful Orchard/PNG_folder/UI/COLORFULORCHARD_BTN/ColorfulOrchard_btn_BackArrow_90x90_v02.png using Guid(a91a88bf5aa8341ad8f96e18558d0d7b) Importer(815301076,1909f56bfc062723c751e8b465ee728b) (PreviewImporter) -> (artifact id: 'fe93df8975874098188db8aa9cbba738') in 0.004192042 seconds
Number of updated asset objects reloaded before import = 0Number of asset objects unloaded after import = 3

========================================================================
Received Import Request.
  Time since last request: 0.213233 seconds.
  path: Assets/Graphics/Colorful Orchard/PNG_folder/UI/COLORFULORCHARD_BTN/ColorfulOrchard_btn_BackArrow_90x90_v03.png
  artifactKey: Guid(4cb9beb588ca84dc0b7b684684002c72) Importer(815301076,1909f56bfc062723c751e8b465ee728b)
Start importing Assets/Graphics/Colorful Orchard/PNG_folder/UI/COLORFULORCHARD_BTN/ColorfulOrchard_btn_BackArrow_90x90_v03.png using Guid(4cb9beb588ca84dc0b7b684684002c72) Importer(815301076,1909f56bfc062723c751e8b465ee728b) (PreviewImporter) -> (artifact id: 'cbc67edc69db01331ee95fb5f3b08e9e') in 0.004399416 seconds
Number of updated asset objects reloaded before import = 0Number of asset objects unloaded after import = 3

========================================================================
Received Import Request.
  Time since last request: 0.169716 seconds.
  path: Assets/Graphics/Colorful Orchard/PNG_folder/UI/COLORFULORCHARD_BTN/ColorfulOrchard_btn_BackArrow_90x90_v04.png
  artifactKey: Guid(00a9045b1cb5b4dd4996e3a613dc6c3f) Importer(815301076,1909f56bfc062723c751e8b465ee728b)
Start importing Assets/Graphics/Colorful Orchard/PNG_folder/UI/COLORFULORCHARD_BTN/ColorfulOrchard_btn_BackArrow_90x90_v04.png using Guid(00a9045b1cb5b4dd4996e3a613dc6c3f) Importer(815301076,1909f56bfc062723c751e8b465ee728b) (PreviewImporter) -> (artifact id: 'f2a85d2ff4fbb0af0a82782e2ca1c32b') in 0.004192083 seconds
Number of updated asset objects reloaded before import = 0Number of asset objects unloaded after import = 3

========================================================================
Received Import Request.
  Time since last request: 0.160997 seconds.
  path: Assets/Graphics/Colorful Orchard/PNG_folder/UI/COLORFULORCHARD_BTN/ColorfulOrchard_btn_Bet_275x100_v01.png
  artifactKey: Guid(0f4ec9624f77841f1bcd0fa99d2b7dda) Importer(815301076,1909f56bfc062723c751e8b465ee728b)
Start importing Assets/Graphics/Colorful Orchard/PNG_folder/UI/COLORFULORCHARD_BTN/ColorfulOrchard_btn_Bet_275x100_v01.png using Guid(0f4ec9624f77841f1bcd0fa99d2b7dda) Importer(815301076,1909f56bfc062723c751e8b465ee728b) (PreviewImporter) -> (artifact id: 'a229580d6949b24dea9782e5e08ea408') in 0.004023791 seconds
Number of updated asset objects reloaded before import = 0Number of asset objects unloaded after import = 3

========================================================================
Received Import Request.
  Time since last request: 0.177056 seconds.
  path: Assets/Graphics/Colorful Orchard/PNG_folder/UI/COLORFULORCHARD_BTN/ColorfulOrchard_btn_Bet_275x100_v02.png
  artifactKey: Guid(d00de00939f744d5e83387d403f21030) Importer(815301076,1909f56bfc062723c751e8b465ee728b)
Start importing Assets/Graphics/Colorful Orchard/PNG_folder/UI/COLORFULORCHARD_BTN/ColorfulOrchard_btn_Bet_275x100_v02.png using Guid(d00de00939f744d5e83387d403f21030) Importer(815301076,1909f56bfc062723c751e8b465ee728b) (PreviewImporter) -> (artifact id: '475eac7dc5db5fb17e4237da111b5141') in 0.004316791 seconds
Number of updated asset objects reloaded before import = 0Number of asset objects unloaded after import = 3

========================================================================
Received Import Request.
  Time since last request: 0.198933 seconds.
  path: Assets/Graphics/Colorful Orchard/PNG_folder/UI/COLORFULORCHARD_BTN/ColorfulOrchard_btn_Bet_275x100_v03.png
  artifactKey: Guid(21d6eb0f2aa2e4262b38590aa2bcf1f6) Importer(815301076,1909f56bfc062723c751e8b465ee728b)
Start importing Assets/Graphics/Colorful Orchard/PNG_folder/UI/COLORFULORCHARD_BTN/ColorfulOrchard_btn_Bet_275x100_v03.png using Guid(21d6eb0f2aa2e4262b38590aa2bcf1f6) Importer(815301076,1909f56bfc062723c751e8b465ee728b) (PreviewImporter) -> (artifact id: '24d6fb3a626ce3b535a6d605e8444963') in 0.004012542 seconds
Number of updated asset objects reloaded before import = 0Number of asset objects unloaded after import = 3

========================================================================
Received Import Request.
  Time since last request: 0.157950 seconds.
  path: Assets/Graphics/Colorful Orchard/PNG_folder/UI/COLORFULORCHARD_BTN/ColorfulOrchard_btn_Bet_275x100_v04.png
  artifactKey: Guid(a94c775b5b25247caaa3c5ba565d6c9a) Importer(815301076,1909f56bfc062723c751e8b465ee728b)
Start importing Assets/Graphics/Colorful Orchard/PNG_folder/UI/COLORFULORCHARD_BTN/ColorfulOrchard_btn_Bet_275x100_v04.png using Guid(a94c775b5b25247caaa3c5ba565d6c9a) Importer(815301076,1909f56bfc062723c751e8b465ee728b) (PreviewImporter) -> (artifact id: 'a873c797400408b0ef9a7143e81e03c9') in 0.003710083 seconds
Number of updated asset objects reloaded before import = 0Number of asset objects unloaded after import = 3

========================================================================
Received Import Request.
  Time since last request: 0.189991 seconds.
  path: Assets/Graphics/Colorful Orchard/PNG_folder/UI/COLORFULORCHARD_BTN/ColorfulOrchard_btn_BetPlusMinus_380x100_v01.png
  artifactKey: Guid(b564f1abea1f742939a6e674a882b975) Importer(815301076,1909f56bfc062723c751e8b465ee728b)
Start importing Assets/Graphics/Colorful Orchard/PNG_folder/UI/COLORFULORCHARD_BTN/ColorfulOrchard_btn_BetPlusMinus_380x100_v01.png using Guid(b564f1abea1f742939a6e674a882b975) Importer(815301076,1909f56bfc062723c751e8b465ee728b) (PreviewImporter) -> (artifact id: '63dfa9e55e1869f7331a067c98aba14e') in 0.0037535 seconds
Number of updated asset objects reloaded before import = 0Number of asset objects unloaded after import = 3

========================================================================
Received Import Request.
  Time since last request: 0.179416 seconds.
  path: Assets/Graphics/Colorful Orchard/PNG_folder/UI/COLORFULORCHARD_BTN/ColorfulOrchard_btn_BetPlusMinus_380x100_v02.png
  artifactKey: Guid(9928d9a49738d4ff6af27aa6e248f16c) Importer(815301076,1909f56bfc062723c751e8b465ee728b)
Start importing Assets/Graphics/Colorful Orchard/PNG_folder/UI/COLORFULORCHARD_BTN/ColorfulOrchard_btn_BetPlusMinus_380x100_v02.png using Guid(9928d9a49738d4ff6af27aa6e248f16c) Importer(815301076,1909f56bfc062723c751e8b465ee728b) (PreviewImporter) -> (artifact id: '06001d8380c4a8e92578eafe9243a339') in 0.0036475 seconds
Number of updated asset objects reloaded before import = 0Number of asset objects unloaded after import = 3

========================================================================
Received Import Request.
  Time since last request: 11.054812 seconds.
  path: Assets/Graphics/Colorful Orchard/PNG_folder/UI/COLORFULORCHARD_BTN/ColorfulOrchard_btn_BetPlusMinus_380x100_v03.png
  artifactKey: Guid(c3ba37eac1010432ea51f88ca37bb01b) Importer(815301076,1909f56bfc062723c751e8b465ee728b)
Start importing Assets/Graphics/Colorful Orchard/PNG_folder/UI/COLORFULORCHARD_BTN/ColorfulOrchard_btn_BetPlusMinus_380x100_v03.png using Guid(c3ba37eac1010432ea51f88ca37bb01b) Importer(815301076,1909f56bfc062723c751e8b465ee728b) (PreviewImporter) -> (artifact id: '11763601e8b1001b0a6f4965496d5a45') in 0.006527 seconds
Number of updated asset objects reloaded before import = 0Number of asset objects unloaded after import = 3

========================================================================
Received Import Request.
  Time since last request: 0.368742 seconds.
  path: Assets/Graphics/Colorful Orchard/PNG_folder/UI/COLORFULORCHARD_BTN/ColorfulOrchard_btn_BetPlusMinus_380x100_v04.png
  artifactKey: Guid(37c8ba3652a6247bc886a57b42a91416) Importer(815301076,1909f56bfc062723c751e8b465ee728b)
Start importing Assets/Graphics/Colorful Orchard/PNG_folder/UI/COLORFULORCHARD_BTN/ColorfulOrchard_btn_BetPlusMinus_380x100_v04.png using Guid(37c8ba3652a6247bc886a57b42a91416) Importer(815301076,1909f56bfc062723c751e8b465ee728b) (PreviewImporter) -> (artifact id: '50b1bca0ce6b92464de89ece81fffac8') in 0.003449375 seconds
Number of updated asset objects reloaded before import = 0Number of asset objects unloaded after import = 3

========================================================================
Received Import Request.
  Time since last request: 0.206577 seconds.
  path: Assets/Graphics/Colorful Orchard/PNG_folder/UI/COLORFULORCHARD_BTN/ColorfulOrchard_btn_BetWord_380x100_v01.png
  artifactKey: Guid(b2c4207ed3bc448a5b45f5c786fe0f70) Importer(815301076,1909f56bfc062723c751e8b465ee728b)
Start importing Assets/Graphics/Colorful Orchard/PNG_folder/UI/COLORFULORCHARD_BTN/ColorfulOrchard_btn_BetWord_380x100_v01.png using Guid(b2c4207ed3bc448a5b45f5c786fe0f70) Importer(815301076,1909f56bfc062723c751e8b465ee728b) (PreviewImporter) -> (artifact id: 'c433228980d95ab4782cff4d12e0596e') in 0.003503875 seconds
Number of updated asset objects reloaded before import = 0Number of asset objects unloaded after import = 3

========================================================================
Received Import Request.
  Time since last request: 0.175871 seconds.
  path: Assets/Graphics/Colorful Orchard/PNG_folder/UI/COLORFULORCHARD_BTN/ColorfulOrchard_btn_i_90x90_v01.png
  artifactKey: Guid(d28a0bf49f74540f3a5aa72b5d8c22c7) Importer(815301076,1909f56bfc062723c751e8b465ee728b)
Start importing Assets/Graphics/Colorful Orchard/PNG_folder/UI/COLORFULORCHARD_BTN/ColorfulOrchard_btn_i_90x90_v01.png using Guid(d28a0bf49f74540f3a5aa72b5d8c22c7) Importer(815301076,1909f56bfc062723c751e8b465ee728b) (PreviewImporter) -> (artifact id: '44706646025c11509dc6c25302e60558') in 0.004636917 seconds
Number of updated asset objects reloaded before import = 0Number of asset objects unloaded after import = 3

========================================================================
Received Import Request.
  Time since last request: 0.176523 seconds.
  path: Assets/Graphics/Colorful Orchard/PNG_folder/UI/COLORFULORCHARD_BTN/ColorfulOrchard_btn_i_90x90_v02.png
  artifactKey: Guid(d6679070f9342447aa15d50c84fd6112) Importer(815301076,1909f56bfc062723c751e8b465ee728b)
Start importing Assets/Graphics/Colorful Orchard/PNG_folder/UI/COLORFULORCHARD_BTN/ColorfulOrchard_btn_i_90x90_v02.png using Guid(d6679070f9342447aa15d50c84fd6112) Importer(815301076,1909f56bfc062723c751e8b465ee728b) (PreviewImporter) -> (artifact id: '85104bc099114a576bc2f91fa4d5e03b') in 0.00412675 seconds
Number of updated asset objects reloaded before import = 0Number of asset objects unloaded after import = 3

========================================================================
Received Import Request.
  Time since last request: 0.195311 seconds.
  path: Assets/Graphics/Colorful Orchard/PNG_folder/UI/COLORFULORCHARD_BTN/ColorfulOrchard_btn_i_90x90_v03.png
  artifactKey: Guid(c1700c2ec95054ebbb44451581ff45a2) Importer(815301076,1909f56bfc062723c751e8b465ee728b)
Start importing Assets/Graphics/Colorful Orchard/PNG_folder/UI/COLORFULORCHARD_BTN/ColorfulOrchard_btn_i_90x90_v03.png using Guid(c1700c2ec95054ebbb44451581ff45a2) Importer(815301076,1909f56bfc062723c751e8b465ee728b) (PreviewImporter) -> (artifact id: '5d4f740066ba6c07ff9ad80faea62979') in 0.00407525 seconds
Number of updated asset objects reloaded before import = 0Number of asset objects unloaded after import = 3

========================================================================
Received Import Request.
  Time since last request: 0.605625 seconds.
  path: Assets/Graphics/Colorful Orchard/PNG_folder/UI/COLORFULORCHARD_BTN/ColorfulOrchard_btn_i_90x90_v04.png
  artifactKey: Guid(14061c0175ada44cdb6c2bf9bd53da3f) Importer(815301076,1909f56bfc062723c751e8b465ee728b)
Start importing Assets/Graphics/Colorful Orchard/PNG_folder/UI/COLORFULORCHARD_BTN/ColorfulOrchard_btn_i_90x90_v04.png using Guid(14061c0175ada44cdb6c2bf9bd53da3f) Importer(815301076,1909f56bfc062723c751e8b465ee728b) (PreviewImporter) -> (artifact id: '000a08a31b1d6de3cafbbe18dd35eb26') in 0.0045825 seconds
Number of updated asset objects reloaded before import = 0Number of asset objects unloaded after import = 3

========================================================================
Received Import Request.
  Time since last request: 0.190962 seconds.
  path: Assets/Graphics/Colorful Orchard/PNG_folder/UI/COLORFULORCHARD_BTN/ColorfulOrchard_btn_MaxBet_250x100_v01.png
  artifactKey: Guid(30778b424e5e649fcae408382b729128) Importer(815301076,1909f56bfc062723c751e8b465ee728b)
Start importing Assets/Graphics/Colorful Orchard/PNG_folder/UI/COLORFULORCHARD_BTN/ColorfulOrchard_btn_MaxBet_250x100_v01.png using Guid(30778b424e5e649fcae408382b729128) Importer(815301076,1909f56bfc062723c751e8b465ee728b) (PreviewImporter) -> (artifact id: '09fadf8804298a1ea04e594e8abdb188') in 0.004369916 seconds
Number of updated asset objects reloaded before import = 0Number of asset objects unloaded after import = 3

========================================================================
Received Import Request.
  Time since last request: 0.170312 seconds.
  path: Assets/Graphics/Colorful Orchard/PNG_folder/UI/COLORFULORCHARD_BTN/ColorfulOrchard_btn_MaxBet_250x100_v02.png
  artifactKey: Guid(f16369060ba41463f9e4c52a6bb82faf) Importer(815301076,1909f56bfc062723c751e8b465ee728b)
Start importing Assets/Graphics/Colorful Orchard/PNG_folder/UI/COLORFULORCHARD_BTN/ColorfulOrchard_btn_MaxBet_250x100_v02.png using Guid(f16369060ba41463f9e4c52a6bb82faf) Importer(815301076,1909f56bfc062723c751e8b465ee728b) (PreviewImporter) -> (artifact id: '744d52208aff0efdbc2be08d8b76219b') in 0.004098959 seconds
Number of updated asset objects reloaded before import = 0Number of asset objects unloaded after import = 3

========================================================================
Received Import Request.
  Time since last request: 0.176729 seconds.
  path: Assets/Graphics/Colorful Orchard/PNG_folder/UI/COLORFULORCHARD_BTN/ColorfulOrchard_btn_MaxBet_250x100_v03.png
  artifactKey: Guid(c158956812c2f438884f465205750618) Importer(815301076,1909f56bfc062723c751e8b465ee728b)
Start importing Assets/Graphics/Colorful Orchard/PNG_folder/UI/COLORFULORCHARD_BTN/ColorfulOrchard_btn_MaxBet_250x100_v03.png using Guid(c158956812c2f438884f465205750618) Importer(815301076,1909f56bfc062723c751e8b465ee728b) (PreviewImporter) -> (artifact id: '3de3076f950643e96c0a9af540b7a525') in 0.004025875 seconds
Number of updated asset objects reloaded before import = 0Number of asset objects unloaded after import = 3

========================================================================
Received Import Request.
  Time since last request: 0.181676 seconds.
  path: Assets/Graphics/Colorful Orchard/PNG_folder/UI/COLORFULORCHARD_BTN/ColorfulOrchard_btn_MaxBet_250x100_v04.png
  artifactKey: Guid(c51ceeca53f2d470db9eae06020dea72) Importer(815301076,1909f56bfc062723c751e8b465ee728b)
Start importing Assets/Graphics/Colorful Orchard/PNG_folder/UI/COLORFULORCHARD_BTN/ColorfulOrchard_btn_MaxBet_250x100_v04.png using Guid(c51ceeca53f2d470db9eae06020dea72) Importer(815301076,1909f56bfc062723c751e8b465ee728b) (PreviewImporter) -> (artifact id: '3b3884834c7e6ba5db388cbe2a4f00a4') in 0.003859125 seconds
Number of updated asset objects reloaded before import = 0Number of asset objects unloaded after import = 3

========================================================================
Received Import Request.
  Time since last request: 0.169434 seconds.
  path: Assets/Graphics/Colorful Orchard/PNG_folder/UI/COLORFULORCHARD_BTN/ColorfulOrchard_btn_pause_150x150_v01.png
  artifactKey: Guid(e5f7d24d320644797907a36412f03469) Importer(815301076,1909f56bfc062723c751e8b465ee728b)
Start importing Assets/Graphics/Colorful Orchard/PNG_folder/UI/COLORFULORCHARD_BTN/ColorfulOrchard_btn_pause_150x150_v01.png using Guid(e5f7d24d320644797907a36412f03469) Importer(815301076,1909f56bfc062723c751e8b465ee728b) (PreviewImporter) -> (artifact id: '89856cfcd222193acf3907fae48b35e2') in 0.006568125 seconds
Number of updated asset objects reloaded before import = 0Number of asset objects unloaded after import = 3

========================================================================
Received Import Request.
  Time since last request: 0.193972 seconds.
  path: Assets/Graphics/Colorful Orchard/PNG_folder/UI/COLORFULORCHARD_BTN/ColorfulOrchard_btn_pause_150x150_v02.png
  artifactKey: Guid(4bf84984fb2e84ed59d32fe810b6245a) Importer(815301076,1909f56bfc062723c751e8b465ee728b)
Start importing Assets/Graphics/Colorful Orchard/PNG_folder/UI/COLORFULORCHARD_BTN/ColorfulOrchard_btn_pause_150x150_v02.png using Guid(4bf84984fb2e84ed59d32fe810b6245a) Importer(815301076,1909f56bfc062723c751e8b465ee728b) (PreviewImporter) -> (artifact id: '3ff1f4661b436f693cdb104df7550a2d') in 0.005012292 seconds
Number of updated asset objects reloaded before import = 0Number of asset objects unloaded after import = 3

========================================================================
Received Import Request.
  Time since last request: 0.166821 seconds.
  path: Assets/Graphics/Colorful Orchard/PNG_folder/UI/COLORFULORCHARD_BTN/ColorfulOrchard_btn_pause_150x150_v03.png
  artifactKey: Guid(48f1de4a03e1945789e0a5df21dc26f0) Importer(815301076,1909f56bfc062723c751e8b465ee728b)
Start importing Assets/Graphics/Colorful Orchard/PNG_folder/UI/COLORFULORCHARD_BTN/ColorfulOrchard_btn_pause_150x150_v03.png using Guid(48f1de4a03e1945789e0a5df21dc26f0) Importer(815301076,1909f56bfc062723c751e8b465ee728b) (PreviewImporter) -> (artifact id: '974d17c1a28472952b0fa23c31df2e2e') in 0.004866792 seconds
Number of updated asset objects reloaded before import = 0Number of asset objects unloaded after import = 3

========================================================================
Received Import Request.
  Time since last request: 0.190205 seconds.
  path: Assets/Graphics/Colorful Orchard/PNG_folder/UI/COLORFULORCHARD_BTN/ColorfulOrchard_btn_pause_150x150_v04.png
  artifactKey: Guid(effe8ae2be65846dbad1dafef37bbc9c) Importer(815301076,1909f56bfc062723c751e8b465ee728b)
Start importing Assets/Graphics/Colorful Orchard/PNG_folder/UI/COLORFULORCHARD_BTN/ColorfulOrchard_btn_pause_150x150_v04.png using Guid(effe8ae2be65846dbad1dafef37bbc9c) Importer(815301076,1909f56bfc062723c751e8b465ee728b) (PreviewImporter) -> (artifact id: '10f034ce49dd799795792ded6c217fdf') in 0.004666208 seconds
Number of updated asset objects reloaded before import = 0Number of asset objects unloaded after import = 3

========================================================================
Received Import Request.
  Time since last request: 0.178437 seconds.
  path: Assets/Graphics/Colorful Orchard/PNG_folder/UI/COLORFULORCHARD_BTN/ColorfulOrchard_btn_play_150x150_v01.png
  artifactKey: Guid(5d57e89c87c4b44c6b50622a20b08ee5) Importer(815301076,1909f56bfc062723c751e8b465ee728b)
Start importing Assets/Graphics/Colorful Orchard/PNG_folder/UI/COLORFULORCHARD_BTN/ColorfulOrchard_btn_play_150x150_v01.png using Guid(5d57e89c87c4b44c6b50622a20b08ee5) Importer(815301076,1909f56bfc062723c751e8b465ee728b) (PreviewImporter) -> (artifact id: '2df3645667e3d47247b3fc2069367d6c') in 0.004919084 seconds
Number of updated asset objects reloaded before import = 0Number of asset objects unloaded after import = 3

========================================================================
Received Import Request.
  Time since last request: 0.187147 seconds.
  path: Assets/Graphics/Colorful Orchard/PNG_folder/UI/COLORFULORCHARD_BTN/ColorfulOrchard_btn_play_150x150_v02.png
  artifactKey: Guid(308039496621c44d498e29e21b79a142) Importer(815301076,1909f56bfc062723c751e8b465ee728b)
Start importing Assets/Graphics/Colorful Orchard/PNG_folder/UI/COLORFULORCHARD_BTN/ColorfulOrchard_btn_play_150x150_v02.png using Guid(308039496621c44d498e29e21b79a142) Importer(815301076,1909f56bfc062723c751e8b465ee728b) (PreviewImporter) -> (artifact id: '7d109005aa32ae47754e62956a971084') in 0.004760292 seconds
Number of updated asset objects reloaded before import = 0Number of asset objects unloaded after import = 3

========================================================================
Received Import Request.
  Time since last request: 3.036495 seconds.
  path: Assets/Graphics/Colorful Orchard/PNG_folder/UI/COLORFULORCHARD_BTN/ColorfulOrchard_btn_play_150x150_v03.png
  artifactKey: Guid(be6aa5486292b4d988a480a3abb5a372) Importer(815301076,1909f56bfc062723c751e8b465ee728b)
Start importing Assets/Graphics/Colorful Orchard/PNG_folder/UI/COLORFULORCHARD_BTN/ColorfulOrchard_btn_play_150x150_v03.png using Guid(be6aa5486292b4d988a480a3abb5a372) Importer(815301076,1909f56bfc062723c751e8b465ee728b) (PreviewImporter) -> (artifact id: '027e557a68d3e6bc5cef4287febcc86c') in 0.007479791 seconds
Number of updated asset objects reloaded before import = 0Number of asset objects unloaded after import = 3

========================================================================
Received Import Request.
  Time since last request: 1.275717 seconds.
  path: Assets/Graphics/Colorful Orchard/PNG_folder/UI/COLORFULORCHARD_BTN/ColorfulOrchard_btn_play_150x150_v04.png
  artifactKey: Guid(15979a2b92f2f46b3b854b7b475bf307) Importer(815301076,1909f56bfc062723c751e8b465ee728b)
Start importing Assets/Graphics/Colorful Orchard/PNG_folder/UI/COLORFULORCHARD_BTN/ColorfulOrchard_btn_play_150x150_v04.png using Guid(15979a2b92f2f46b3b854b7b475bf307) Importer(815301076,1909f56bfc062723c751e8b465ee728b) (PreviewImporter) -> (artifact id: 'fc7b0fd3b6242d22a11a5f99d55c49c7') in 0.008456458 seconds
Number of updated asset objects reloaded before import = 0Number of asset objects unloaded after import = 3

========================================================================
Received Import Request.
  Time since last request: 2.455892 seconds.
  path: Assets/Graphics/Colorful Orchard/PNG_folder/UI/COLORFULORCHARD_BTN/ColorfulOrchard_btn_sound_90x90_v01.png
  artifactKey: Guid(243280c9444a84906acc5a165fba7719) Importer(815301076,1909f56bfc062723c751e8b465ee728b)
Start importing Assets/Graphics/Colorful Orchard/PNG_folder/UI/COLORFULORCHARD_BTN/ColorfulOrchard_btn_sound_90x90_v01.png using Guid(243280c9444a84906acc5a165fba7719) Importer(815301076,1909f56bfc062723c751e8b465ee728b) (PreviewImporter) -> (artifact id: 'b614bd1c8c6b1a43f9f61c4fe16f9626') in 0.007677333 seconds
Number of updated asset objects reloaded before import = 0Number of asset objects unloaded after import = 3

========================================================================
Received Import Request.
  Time since last request: 260.314374 seconds.
  path: Assets/Scenes/MainScene.unity
  artifactKey: Guid(2cda990e2423bbf4892e6590ba056729) Importer(2089858483,b0f066a214c2f5e87bad3c948f4d605d)
Start importing Assets/Scenes/MainScene.unity using Guid(2cda990e2423bbf4892e6590ba056729) Importer(2089858483,b0f066a214c2f5e87bad3c948f4d605d) (ScriptedImporter) -> (artifact id: 'f723078fbf056bb4a7278adcf810084c') in 0.032995125 seconds
Number of updated asset objects reloaded before import = 0Number of asset objects unloaded after import = 1

========================================================================
Received Import Request.
  Time since last request: 29.380034 seconds.
  path: Assets/Scenes/MainScene.unity
  artifactKey: Guid(2cda990e2423bbf4892e6590ba056729) Importer(2089858483,b0f066a214c2f5e87bad3c948f4d605d)
Start importing Assets/Scenes/MainScene.unity using Guid(2cda990e2423bbf4892e6590ba056729) Importer(2089858483,b0f066a214c2f5e87bad3c948f4d605d) (ScriptedImporter) -> (artifact id: 'c2ea90a7c2fee8a7cda922c3831defcd') in 0.0331945 seconds
Number of updated asset objects reloaded before import = 0Number of asset objects unloaded after import = 1

========================================================================
Received Import Request.
  Time since last request: 115.698816 seconds.
  path: Assets/Scenes/MainScene.unity
  artifactKey: Guid(2cda990e2423bbf4892e6590ba056729) Importer(2089858483,b0f066a214c2f5e87bad3c948f4d605d)
Start importing Assets/Scenes/MainScene.unity using Guid(2cda990e2423bbf4892e6590ba056729) Importer(2089858483,b0f066a214c2f5e87bad3c948f4d605d) (ScriptedImporter) -> (artifact id: '848404ad9f1226ec23c5d0e4af385cbe') in 0.032792875 seconds
Number of updated asset objects reloaded before import = 0Number of asset objects unloaded after import = 1

========================================================================
Received Import Request.
  Time since last request: 23.675261 seconds.
  path: Assets/Scenes/MainScene.unity
  artifactKey: Guid(2cda990e2423bbf4892e6590ba056729) Importer(2089858483,b0f066a214c2f5e87bad3c948f4d605d)
Start importing Assets/Scenes/MainScene.unity using Guid(2cda990e2423bbf4892e6590ba056729) Importer(2089858483,b0f066a214c2f5e87bad3c948f4d605d) (ScriptedImporter) -> (artifact id: '44f8cb4760a11dee341ea9afe6b9a41d') in 0.034145334 seconds
Number of updated asset objects reloaded before import = 0Number of asset objects unloaded after import = 1

========================================================================
Received Import Request.
  Time since last request: 60.668663 seconds.
  path: Assets/Scenes/MainScene.unity
  artifactKey: Guid(2cda990e2423bbf4892e6590ba056729) Importer(2089858483,b0f066a214c2f5e87bad3c948f4d605d)
Start importing Assets/Scenes/MainScene.unity using Guid(2cda990e2423bbf4892e6590ba056729) Importer(2089858483,b0f066a214c2f5e87bad3c948f4d605d) (ScriptedImporter) -> (artifact id: '29359f99f40d6ef986364841ff5ef0d2') in 0.031212042 seconds
Number of updated asset objects reloaded before import = 0Number of asset objects unloaded after import = 1

========================================================================
Received Import Request.
  Time since last request: 66.958774 seconds.
  path: Assets/Scenes/MainScene.unity
  artifactKey: Guid(2cda990e2423bbf4892e6590ba056729) Importer(2089858483,b0f066a214c2f5e87bad3c948f4d605d)
Start importing Assets/Scenes/MainScene.unity using Guid(2cda990e2423bbf4892e6590ba056729) Importer(2089858483,b0f066a214c2f5e87bad3c948f4d605d) (ScriptedImporter) -> (artifact id: 'd7dcfe22f4bf73e469bb0499708cd4d7') in 0.032417709 seconds
Number of updated asset objects reloaded before import = 0Number of asset objects unloaded after import = 1

========================================================================
Received Import Request.
  Time since last request: 400.019720 seconds.
  path: Assets/Fonts/SaranaiGame-Bold SDF.asset
  artifactKey: Guid(ed4c9d0c02d42498585269f6c53a5ed4) Importer(2089858483,b0f066a214c2f5e87bad3c948f4d605d)
Start importing Assets/Fonts/SaranaiGame-Bold SDF.asset using Guid(ed4c9d0c02d42498585269f6c53a5ed4) Importer(2089858483,b0f066a214c2f5e87bad3c948f4d605d) (ScriptedImporter) -> (artifact id: 'dce4a6f0108767a729a25a854426504d') in 0.057172792 seconds
Number of updated asset objects reloaded before import = 0Number of asset objects unloaded after import = 5

========================================================================
Received Import Request.
  Time since last request: 84.880694 seconds.
  path: Assets/Scenes/MainScene.unity
  artifactKey: Guid(2cda990e2423bbf4892e6590ba056729) Importer(2089858483,b0f066a214c2f5e87bad3c948f4d605d)
Start importing Assets/Scenes/MainScene.unity using Guid(2cda990e2423bbf4892e6590ba056729) Importer(2089858483,b0f066a214c2f5e87bad3c948f4d605d) (ScriptedImporter) -> (artifact id: '3a76eea36c882f740a29324c307a7dde') in 0.056206041 seconds
Number of updated asset objects reloaded before import = 0Number of asset objects unloaded after import = 1

========================================================================
Received Import Request.
  Time since last request: 88.817540 seconds.
  path: Assets/Scenes/MainScene.unity
  artifactKey: Guid(2cda990e2423bbf4892e6590ba056729) Importer(2089858483,b0f066a214c2f5e87bad3c948f4d605d)
Start importing Assets/Scenes/MainScene.unity using Guid(2cda990e2423bbf4892e6590ba056729) Importer(2089858483,b0f066a214c2f5e87bad3c948f4d605d) (ScriptedImporter) -> (artifact id: 'de463d67d8907f3c64fc3fc6fbcf263f') in 0.033742208 seconds
Number of updated asset objects reloaded before import = 0Number of asset objects unloaded after import = 1

========================================================================
Received Import Request.
  Time since last request: 22.096588 seconds.
  path: Assets/Scenes/MainScene.unity
  artifactKey: Guid(2cda990e2423bbf4892e6590ba056729) Importer(2089858483,b0f066a214c2f5e87bad3c948f4d605d)
Start importing Assets/Scenes/MainScene.unity using Guid(2cda990e2423bbf4892e6590ba056729) Importer(2089858483,b0f066a214c2f5e87bad3c948f4d605d) (ScriptedImporter) -> (artifact id: 'b1f2ecfecb1d533579f34bad1af5b9e4') in 0.0319045 seconds
Number of updated asset objects reloaded before import = 0Number of asset objects unloaded after import = 1

========================================================================
Received Import Request.
  Time since last request: 46.128192 seconds.
  path: Assets/Scenes/MainScene.unity
  artifactKey: Guid(2cda990e2423bbf4892e6590ba056729) Importer(2089858483,b0f066a214c2f5e87bad3c948f4d605d)
Start importing Assets/Scenes/MainScene.unity using Guid(2cda990e2423bbf4892e6590ba056729) Importer(2089858483,b0f066a214c2f5e87bad3c948f4d605d) (ScriptedImporter) -> (artifact id: '6e3b782c6cc24bb9f46ba613b3d4550e') in 0.031315458 seconds
Number of updated asset objects reloaded before import = 0Number of asset objects unloaded after import = 1

========================================================================
Received Import Request.
  Time since last request: 63.129126 seconds.
  path: Assets/Scenes/MainScene.unity
  artifactKey: Guid(2cda990e2423bbf4892e6590ba056729) Importer(2089858483,b0f066a214c2f5e87bad3c948f4d605d)
Start importing Assets/Scenes/MainScene.unity using Guid(2cda990e2423bbf4892e6590ba056729) Importer(2089858483,b0f066a214c2f5e87bad3c948f4d605d) (ScriptedImporter) -> (artifact id: '501a7b99b59de058cf924b1b43e54fad') in 0.03093475 seconds
Number of updated asset objects reloaded before import = 0Number of asset objects unloaded after import = 1

========================================================================
Received Import Request.
  Time since last request: 35.111730 seconds.
  path: Assets/Scenes/MainScene.unity
  artifactKey: Guid(2cda990e2423bbf4892e6590ba056729) Importer(2089858483,b0f066a214c2f5e87bad3c948f4d605d)
Start importing Assets/Scenes/MainScene.unity using Guid(2cda990e2423bbf4892e6590ba056729) Importer(2089858483,b0f066a214c2f5e87bad3c948f4d605d) (ScriptedImporter) -> (artifact id: '4bfc0bdbe5c3972beccdbeea2ccdee1c') in 0.034254333 seconds
Number of updated asset objects reloaded before import = 0Number of asset objects unloaded after import = 1

========================================================================
Received Import Request.
  Time since last request: 2224.765421 seconds.
  path: Assets/Graphics/Colorful Orchard/12 Fps/Intro Anim_00000.heic
  artifactKey: Guid(65cd0e69bb5614ba9a72ec4948b2bb46) Importer(2089858483,b0f066a214c2f5e87bad3c948f4d605d)
Start importing Assets/Graphics/Colorful Orchard/12 Fps/Intro Anim_00000.heic using Guid(65cd0e69bb5614ba9a72ec4948b2bb46) Importer(2089858483,b0f066a214c2f5e87bad3c948f4d605d) (ScriptedImporter) -> (artifact id: '62d5ab6d7ebf26f0a8be4c62ece6e8e0') in 0.009512041 seconds
Number of updated asset objects reloaded before import = 0Number of asset objects unloaded after import = 1

========================================================================
Received Import Request.
  Time since last request: 0.000091 seconds.
  path: Assets/Graphics/Colorful Orchard/12 Fps/Intro Anim_00024.heic
  artifactKey: Guid(0d3a910d4311f47848010e72b9f1902a) Importer(2089858483,b0f066a214c2f5e87bad3c948f4d605d)
Start importing Assets/Graphics/Colorful Orchard/12 Fps/Intro Anim_00024.heic using Guid(0d3a910d4311f47848010e72b9f1902a) Importer(2089858483,b0f066a214c2f5e87bad3c948f4d605d) (ScriptedImporter) -> (artifact id: 'dca8ef91094926d117d58392b7993481') in 0.003244708 seconds
Number of updated asset objects reloaded before import = 0Number of asset objects unloaded after import = 1

========================================================================
Received Import Request.
  Time since last request: 0.000108 seconds.
  path: Assets/Graphics/Colorful Orchard/12 Fps/Intro Anim_00006.heic
  artifactKey: Guid(38dd5169751a04ce393baa22eb678edd) Importer(2089858483,b0f066a214c2f5e87bad3c948f4d605d)
Start importing Assets/Graphics/Colorful Orchard/12 Fps/Intro Anim_00006.heic using Guid(38dd5169751a04ce393baa22eb678edd) Importer(2089858483,b0f066a214c2f5e87bad3c948f4d605d) (ScriptedImporter) -> (artifact id: 'f1a112b198aac1c4b835be39f5514f56') in 0.002006167 seconds
Number of updated asset objects reloaded before import = 0Number of asset objects unloaded after import = 1

========================================================================
Received Import Request.
  Time since last request: 0.000087 seconds.
  path: Assets/Graphics/Colorful Orchard/12 Fps/Intro Anim_00025.heic
  artifactKey: Guid(1bb418daaedd74ef192431bad57b4d0e) Importer(2089858483,b0f066a214c2f5e87bad3c948f4d605d)
Start importing Assets/Graphics/Colorful Orchard/12 Fps/Intro Anim_00025.heic using Guid(1bb418daaedd74ef192431bad57b4d0e) Importer(2089858483,b0f066a214c2f5e87bad3c948f4d605d) (ScriptedImporter) -> (artifact id: '848bba92b2e44cc17c1cfd680b8e359d') in 0.002116416 seconds
Number of updated asset objects reloaded before import = 0Number of asset objects unloaded after import = 1

========================================================================
Received Import Request.
  Time since last request: 0.000100 seconds.
  path: Assets/Graphics/Colorful Orchard/12 Fps/Intro Anim_00017.heic
  artifactKey: Guid(8ef75363bb60e4be8a358f38ca6b5898) Importer(2089858483,b0f066a214c2f5e87bad3c948f4d605d)
Start importing Assets/Graphics/Colorful Orchard/12 Fps/Intro Anim_00017.heic using Guid(8ef75363bb60e4be8a358f38ca6b5898) Importer(2089858483,b0f066a214c2f5e87bad3c948f4d605d) (ScriptedImporter) -> (artifact id: '1d8eac2f1724508e15748b1229184a49') in 0.002016041 seconds
Number of updated asset objects reloaded before import = 0Number of asset objects unloaded after import = 1

========================================================================
Received Import Request.
  Time since last request: 0.000036 seconds.
  path: Assets/Graphics/Colorful Orchard/12 Fps/Intro Anim_00021.heic
  artifactKey: Guid(aa4181a34f70a49be9334434bdd335fb) Importer(2089858483,b0f066a214c2f5e87bad3c948f4d605d)
Start importing Assets/Graphics/Colorful Orchard/12 Fps/Intro Anim_00021.heic using Guid(aa4181a34f70a49be9334434bdd335fb) Importer(2089858483,b0f066a214c2f5e87bad3c948f4d605d) (ScriptedImporter) -> (artifact id: 'ff99d140cbeb622a2da3c2dab45b4a3e') in 0.002369709 seconds
Number of updated asset objects reloaded before import = 0Number of asset objects unloaded after import = 1

========================================================================
Received Import Request.
  Time since last request: 0.000081 seconds.
  path: Assets/Graphics/Colorful Orchard/12 Fps/Intro Anim_00019.heic
  artifactKey: Guid(1ff574be807d84148aedf4bb1ee91924) Importer(2089858483,b0f066a214c2f5e87bad3c948f4d605d)
Start importing Assets/Graphics/Colorful Orchard/12 Fps/Intro Anim_00019.heic using Guid(1ff574be807d84148aedf4bb1ee91924) Importer(2089858483,b0f066a214c2f5e87bad3c948f4d605d) (ScriptedImporter) -> (artifact id: '6f972f947b1d9e7d6c59dbab57fcc8cb') in 0.002352 seconds
Number of updated asset objects reloaded before import = 0Number of asset objects unloaded after import = 1

========================================================================
Received Import Request.
  Time since last request: 0.000119 seconds.
  path: Assets/Graphics/Colorful Orchard/12 Fps/Intro Anim_00010.heic
  artifactKey: Guid(2187a48727574477b9c4acfb39112beb) Importer(2089858483,b0f066a214c2f5e87bad3c948f4d605d)
Start importing Assets/Graphics/Colorful Orchard/12 Fps/Intro Anim_00010.heic using Guid(2187a48727574477b9c4acfb39112beb) Importer(2089858483,b0f066a214c2f5e87bad3c948f4d605d) (ScriptedImporter) -> (artifact id: 'e8543e782abb6ce91974efc484a41c04') in 0.002363625 seconds
Number of updated asset objects reloaded before import = 0Number of asset objects unloaded after import = 1

========================================================================
Received Import Request.
  Time since last request: 0.000048 seconds.
  path: Assets/Graphics/Colorful Orchard/12 Fps/Intro Anim_00016.heic
  artifactKey: Guid(6f71b2917a61b4642bf0e93af4d6be00) Importer(2089858483,b0f066a214c2f5e87bad3c948f4d605d)
Start importing Assets/Graphics/Colorful Orchard/12 Fps/Intro Anim_00016.heic using Guid(6f71b2917a61b4642bf0e93af4d6be00) Importer(2089858483,b0f066a214c2f5e87bad3c948f4d605d) (ScriptedImporter) -> (artifact id: '668a613daee6e390c420402f171bd776') in 0.002193125 seconds
Number of updated asset objects reloaded before import = 0Number of asset objects unloaded after import = 1

========================================================================
Received Import Request.
  Time since last request: 0.000094 seconds.
  path: Assets/Graphics/Colorful Orchard/12 Fps/Intro Anim_00012.heic
  artifactKey: Guid(4f96f286e43764f2da60f94cd3ee06dd) Importer(2089858483,b0f066a214c2f5e87bad3c948f4d605d)
Start importing Assets/Graphics/Colorful Orchard/12 Fps/Intro Anim_00012.heic using Guid(4f96f286e43764f2da60f94cd3ee06dd) Importer(2089858483,b0f066a214c2f5e87bad3c948f4d605d) (ScriptedImporter) -> (artifact id: '9f7fe1f64ec15a058a6c890d805c34e2') in 0.002024166 seconds
Number of updated asset objects reloaded before import = 0Number of asset objects unloaded after import = 1

========================================================================
Received Import Request.
  Time since last request: 0.000139 seconds.
  path: Assets/Graphics/Colorful Orchard/12 Fps/Intro Anim_00009.heic
  artifactKey: Guid(619780aaff54944ea81230b8b7b1de57) Importer(2089858483,b0f066a214c2f5e87bad3c948f4d605d)
Start importing Assets/Graphics/Colorful Orchard/12 Fps/Intro Anim_00009.heic using Guid(619780aaff54944ea81230b8b7b1de57) Importer(2089858483,b0f066a214c2f5e87bad3c948f4d605d) (ScriptedImporter) -> (artifact id: '0720513ed8acc3e3b33b500fb447835e') in 0.001864291 seconds
Number of updated asset objects reloaded before import = 0Number of asset objects unloaded after import = 1

========================================================================
Received Import Request.
  Time since last request: 0.000057 seconds.
  path: Assets/Graphics/Colorful Orchard/12 Fps/Intro Anim_00015.heic
  artifactKey: Guid(e08246b7a6c47440396da0c4e5fe05d0) Importer(2089858483,b0f066a214c2f5e87bad3c948f4d605d)
Start importing Assets/Graphics/Colorful Orchard/12 Fps/Intro Anim_00015.heic using Guid(e08246b7a6c47440396da0c4e5fe05d0) Importer(2089858483,b0f066a214c2f5e87bad3c948f4d605d) (ScriptedImporter) -> (artifact id: '8f63698ce7385c91c64b7f875838acce') in 0.001739333 seconds
Number of updated asset objects reloaded before import = 0Number of asset objects unloaded after import = 1

========================================================================
Received Import Request.
  Time since last request: 0.000112 seconds.
  path: Assets/Graphics/Colorful Orchard/12 Fps/Intro Anim_00029.heic
  artifactKey: Guid(5ecf0c8bbdd00419f9ad804a79d0938c) Importer(2089858483,b0f066a214c2f5e87bad3c948f4d605d)
Start importing Assets/Graphics/Colorful Orchard/12 Fps/Intro Anim_00029.heic using Guid(5ecf0c8bbdd00419f9ad804a79d0938c) Importer(2089858483,b0f066a214c2f5e87bad3c948f4d605d) (ScriptedImporter) -> (artifact id: '11fc8255d64737b0116cfad28b4b25e8') in 0.002283333 seconds
Number of updated asset objects reloaded before import = 0Number of asset objects unloaded after import = 1

========================================================================
Received Import Request.
  Time since last request: 0.000112 seconds.
  path: Assets/Graphics/Colorful Orchard/12 Fps/Intro Anim_00028.heic
  artifactKey: Guid(a513a8c5136414f41a37f190828288e3) Importer(2089858483,b0f066a214c2f5e87bad3c948f4d605d)
Start importing Assets/Graphics/Colorful Orchard/12 Fps/Intro Anim_00028.heic using Guid(a513a8c5136414f41a37f190828288e3) Importer(2089858483,b0f066a214c2f5e87bad3c948f4d605d) (ScriptedImporter) -> (artifact id: 'd651f6c42034192ac8a1f4f91c7d3b45') in 0.002147833 seconds
Number of updated asset objects reloaded before import = 0Number of asset objects unloaded after import = 1

========================================================================
Received Import Request.
  Time since last request: 0.000095 seconds.
  path: Assets/Graphics/Colorful Orchard/12 Fps/Intro Anim_00005.heic
  artifactKey: Guid(4ceaa6bd9ed294ef481697267b9826a2) Importer(2089858483,b0f066a214c2f5e87bad3c948f4d605d)
Start importing Assets/Graphics/Colorful Orchard/12 Fps/Intro Anim_00005.heic using Guid(4ceaa6bd9ed294ef481697267b9826a2) Importer(2089858483,b0f066a214c2f5e87bad3c948f4d605d) (ScriptedImporter) -> (artifact id: '143672bd95ec3da3979e1da96755c483') in 0.002114167 seconds
Number of updated asset objects reloaded before import = 0Number of asset objects unloaded after import = 1

========================================================================
Received Import Request.
  Time since last request: 0.000087 seconds.
  path: Assets/Graphics/Colorful Orchard/12 Fps/Intro Anim_00008.heic
  artifactKey: Guid(ad22c53d7ed944031bd2fd370eb3934c) Importer(2089858483,b0f066a214c2f5e87bad3c948f4d605d)
Start importing Assets/Graphics/Colorful Orchard/12 Fps/Intro Anim_00008.heic using Guid(ad22c53d7ed944031bd2fd370eb3934c) Importer(2089858483,b0f066a214c2f5e87bad3c948f4d605d) (ScriptedImporter) -> (artifact id: 'ded8fbbf617a9aae1ec57ab1c6729cac') in 0.002455875 seconds
Number of updated asset objects reloaded before import = 0Number of asset objects unloaded after import = 1

========================================================================
Received Import Request.
  Time since last request: 0.000101 seconds.
  path: Assets/Graphics/Colorful Orchard/12 Fps/Intro Anim_00007.heic
  artifactKey: Guid(2eb9549bb2b2746d9982ff16074f095a) Importer(2089858483,b0f066a214c2f5e87bad3c948f4d605d)
Start importing Assets/Graphics/Colorful Orchard/12 Fps/Intro Anim_00007.heic using Guid(2eb9549bb2b2746d9982ff16074f095a) Importer(2089858483,b0f066a214c2f5e87bad3c948f4d605d) (ScriptedImporter) -> (artifact id: '6bbfac5650f0a07106e2c2f39caae278') in 0.002169833 seconds
Number of updated asset objects reloaded before import = 0Number of asset objects unloaded after import = 1

========================================================================
Received Import Request.
  Time since last request: 0.700839 seconds.
  path: Assets/Graphics/Colorful Orchard/12 Fps/Intro Anim_00000.heic
  artifactKey: Guid(65cd0e69bb5614ba9a72ec4948b2bb46) Importer(815301076,1909f56bfc062723c751e8b465ee728b)
Start importing Assets/Graphics/Colorful Orchard/12 Fps/Intro Anim_00000.heic using Guid(65cd0e69bb5614ba9a72ec4948b2bb46) Importer(815301076,1909f56bfc062723c751e8b465ee728b) (PreviewImporter) -> (artifact id: '98112c1df92442e708eee207ec37418c') in 0.008247042 seconds
Number of updated asset objects reloaded before import = 0Number of asset objects unloaded after import = 1

========================================================================
Received Import Request.
  Time since last request: 0.922358 seconds.
  path: Assets/Graphics/Colorful Orchard/12 Fps/Intro Anim_00001.heic
  artifactKey: Guid(113355e9e53424493a19a90f52715df4) Importer(815301076,1909f56bfc062723c751e8b465ee728b)
Start importing Assets/Graphics/Colorful Orchard/12 Fps/Intro Anim_00001.heic using Guid(113355e9e53424493a19a90f52715df4) Importer(815301076,1909f56bfc062723c751e8b465ee728b) (PreviewImporter) -> (artifact id: '548c084a302d4a96e96867685680aea4') in 0.001224584 seconds
Number of updated asset objects reloaded before import = 0Number of asset objects unloaded after import = 1

========================================================================
Received Import Request.
  Time since last request: 0.181460 seconds.
  path: Assets/Graphics/Colorful Orchard/12 Fps/Intro Anim_00002.heic
  artifactKey: Guid(98c4a12e6fe5d44c1993717d308e4446) Importer(815301076,1909f56bfc062723c751e8b465ee728b)
Start importing Assets/Graphics/Colorful Orchard/12 Fps/Intro Anim_00002.heic using Guid(98c4a12e6fe5d44c1993717d308e4446) Importer(815301076,1909f56bfc062723c751e8b465ee728b) (PreviewImporter) -> (artifact id: 'c8ad89c685adea8738fa624e7c1ecb8d') in 0.001182709 seconds
Number of updated asset objects reloaded before import = 0Number of asset objects unloaded after import = 1

========================================================================
Received Import Request.
  Time since last request: 0.173201 seconds.
  path: Assets/Graphics/Colorful Orchard/12 Fps/Intro Anim_00003.heic
  artifactKey: Guid(08d6b7d5c899f4bdabc79af555ae934b) Importer(815301076,1909f56bfc062723c751e8b465ee728b)
Start importing Assets/Graphics/Colorful Orchard/12 Fps/Intro Anim_00003.heic using Guid(08d6b7d5c899f4bdabc79af555ae934b) Importer(815301076,1909f56bfc062723c751e8b465ee728b) (PreviewImporter) -> (artifact id: '764c9028ed12fd8448a99abb091f2c96') in 0.001208833 seconds
Number of updated asset objects reloaded before import = 0Number of asset objects unloaded after import = 1

========================================================================
Received Import Request.
  Time since last request: 0.144179 seconds.
  path: Assets/Graphics/Colorful Orchard/12 Fps/Intro Anim_00004.heic
  artifactKey: Guid(026d2504876e24f1dbdfc959bf1e50ca) Importer(815301076,1909f56bfc062723c751e8b465ee728b)
Start importing Assets/Graphics/Colorful Orchard/12 Fps/Intro Anim_00004.heic using Guid(026d2504876e24f1dbdfc959bf1e50ca) Importer(815301076,1909f56bfc062723c751e8b465ee728b) (PreviewImporter) -> (artifact id: '66ded9ac83eecd33abd2af882bd29127') in 0.001185334 seconds
Number of updated asset objects reloaded before import = 0Number of asset objects unloaded after import = 1

========================================================================
Received Import Request.
  Time since last request: 0.497876 seconds.
  path: Assets/Graphics/Colorful Orchard/12 Fps/Intro Anim_00005.heic
  artifactKey: Guid(4ceaa6bd9ed294ef481697267b9826a2) Importer(815301076,1909f56bfc062723c751e8b465ee728b)
Start importing Assets/Graphics/Colorful Orchard/12 Fps/Intro Anim_00005.heic using Guid(4ceaa6bd9ed294ef481697267b9826a2) Importer(815301076,1909f56bfc062723c751e8b465ee728b) (PreviewImporter) -> (artifact id: 'a55756747ee136ef5ee58489dc535bf6') in 0.00120875 seconds
Number of updated asset objects reloaded before import = 0Number of asset objects unloaded after import = 1

========================================================================
Received Import Request.
  Time since last request: 0.079762 seconds.
  path: Assets/Graphics/Colorful Orchard/12 Fps/Intro Anim_00006.heic
  artifactKey: Guid(38dd5169751a04ce393baa22eb678edd) Importer(815301076,1909f56bfc062723c751e8b465ee728b)
Start importing Assets/Graphics/Colorful Orchard/12 Fps/Intro Anim_00006.heic using Guid(38dd5169751a04ce393baa22eb678edd) Importer(815301076,1909f56bfc062723c751e8b465ee728b) (PreviewImporter) -> (artifact id: '232ff28ed3d7e5a766d9b9fe2cdf87dc') in 0.00115925 seconds
Number of updated asset objects reloaded before import = 0Number of asset objects unloaded after import = 1

========================================================================
Received Import Request.
  Time since last request: 0.080199 seconds.
  path: Assets/Graphics/Colorful Orchard/12 Fps/Intro Anim_00007.heic
  artifactKey: Guid(2eb9549bb2b2746d9982ff16074f095a) Importer(815301076,1909f56bfc062723c751e8b465ee728b)
Start importing Assets/Graphics/Colorful Orchard/12 Fps/Intro Anim_00007.heic using Guid(2eb9549bb2b2746d9982ff16074f095a) Importer(815301076,1909f56bfc062723c751e8b465ee728b) (PreviewImporter) -> (artifact id: 'fb63282cdc302c1e67ceee177c702ce9') in 0.001152708 seconds
Number of updated asset objects reloaded before import = 0Number of asset objects unloaded after import = 1

========================================================================
Received Import Request.
  Time since last request: 0.079730 seconds.
  path: Assets/Graphics/Colorful Orchard/12 Fps/Intro Anim_00008.heic
  artifactKey: Guid(ad22c53d7ed944031bd2fd370eb3934c) Importer(815301076,1909f56bfc062723c751e8b465ee728b)
Start importing Assets/Graphics/Colorful Orchard/12 Fps/Intro Anim_00008.heic using Guid(ad22c53d7ed944031bd2fd370eb3934c) Importer(815301076,1909f56bfc062723c751e8b465ee728b) (PreviewImporter) -> (artifact id: '9ecd206b3c08d828b10bb1a15d7ae732') in 0.001199708 seconds
Number of updated asset objects reloaded before import = 0Number of asset objects unloaded after import = 1

========================================================================
Received Import Request.
  Time since last request: 0.080708 seconds.
  path: Assets/Graphics/Colorful Orchard/12 Fps/Intro Anim_00009.heic
  artifactKey: Guid(619780aaff54944ea81230b8b7b1de57) Importer(815301076,1909f56bfc062723c751e8b465ee728b)
Start importing Assets/Graphics/Colorful Orchard/12 Fps/Intro Anim_00009.heic using Guid(619780aaff54944ea81230b8b7b1de57) Importer(815301076,1909f56bfc062723c751e8b465ee728b) (PreviewImporter) -> (artifact id: 'e0ab26fbc7c9982a7c583c71445f1b25') in 0.001109708 seconds
Number of updated asset objects reloaded before import = 0Number of asset objects unloaded after import = 1

========================================================================
Received Import Request.
  Time since last request: 0.077063 seconds.
  path: Assets/Graphics/Colorful Orchard/12 Fps/Intro Anim_00010.heic
  artifactKey: Guid(2187a48727574477b9c4acfb39112beb) Importer(815301076,1909f56bfc062723c751e8b465ee728b)
Start importing Assets/Graphics/Colorful Orchard/12 Fps/Intro Anim_00010.heic using Guid(2187a48727574477b9c4acfb39112beb) Importer(815301076,1909f56bfc062723c751e8b465ee728b) (PreviewImporter) -> (artifact id: '55656f34c17650923ea3516600d0eadc') in 0.00070075 seconds
Number of updated asset objects reloaded before import = 0Number of asset objects unloaded after import = 1

========================================================================
Received Import Request.
  Time since last request: 0.083524 seconds.
  path: Assets/Graphics/Colorful Orchard/12 Fps/Intro Anim_00011.heic
  artifactKey: Guid(6e1ce7fff017d4180a07ef9c12c62b0d) Importer(815301076,1909f56bfc062723c751e8b465ee728b)
Start importing Assets/Graphics/Colorful Orchard/12 Fps/Intro Anim_00011.heic using Guid(6e1ce7fff017d4180a07ef9c12c62b0d) Importer(815301076,1909f56bfc062723c751e8b465ee728b) (PreviewImporter) -> (artifact id: '8439ca391726d9d711044b7407a2675b') in 0.000705959 seconds
Number of updated asset objects reloaded before import = 0Number of asset objects unloaded after import = 1

========================================================================
Received Import Request.
  Time since last request: 0.079527 seconds.
  path: Assets/Graphics/Colorful Orchard/12 Fps/Intro Anim_00012.heic
  artifactKey: Guid(4f96f286e43764f2da60f94cd3ee06dd) Importer(815301076,1909f56bfc062723c751e8b465ee728b)
Start importing Assets/Graphics/Colorful Orchard/12 Fps/Intro Anim_00012.heic using Guid(4f96f286e43764f2da60f94cd3ee06dd) Importer(815301076,1909f56bfc062723c751e8b465ee728b) (PreviewImporter) -> (artifact id: 'e130309445a4a5be984faa0813cfdf3b') in 0.00066525 seconds
Number of updated asset objects reloaded before import = 0Number of asset objects unloaded after import = 1

========================================================================
Received Import Request.
  Time since last request: 3.835873 seconds.
  path: Assets/Graphics/Colorful Orchard/12 Fps/Intro Anim_00013.heic
  artifactKey: Guid(41e0645e11fa44df6b736ce98b897092) Importer(815301076,1909f56bfc062723c751e8b465ee728b)
Start importing Assets/Graphics/Colorful Orchard/12 Fps/Intro Anim_00013.heic using Guid(41e0645e11fa44df6b736ce98b897092) Importer(815301076,1909f56bfc062723c751e8b465ee728b) (PreviewImporter) -> (artifact id: 'b29a0cc5d53b7436aec60f7d496c9e08') in 0.001279708 seconds
Number of updated asset objects reloaded before import = 0Number of asset objects unloaded after import = 1

========================================================================
Received Import Request.
  Time since last request: 0.079998 seconds.
  path: Assets/Graphics/Colorful Orchard/12 Fps/Intro Anim_00014.heic
  artifactKey: Guid(90a88723dc3304935b1df4138074e617) Importer(815301076,1909f56bfc062723c751e8b465ee728b)
Start importing Assets/Graphics/Colorful Orchard/12 Fps/Intro Anim_00014.heic using Guid(90a88723dc3304935b1df4138074e617) Importer(815301076,1909f56bfc062723c751e8b465ee728b) (PreviewImporter) -> (artifact id: '02cc6bedd133a8ac41b5b1dbbe6449f8') in 0.001325083 seconds
Number of updated asset objects reloaded before import = 0Number of asset objects unloaded after import = 1

========================================================================
Received Import Request.
  Time since last request: 575.470683 seconds.
  path: Assets/12 Fps/Intro Anim_00024.png
  artifactKey: Guid(e1cf683398fd94fd8a476325c36601d7) Importer(2089858483,b0f066a214c2f5e87bad3c948f4d605d)
Start importing Assets/12 Fps/Intro Anim_00024.png using Guid(e1cf683398fd94fd8a476325c36601d7) Importer(2089858483,b0f066a214c2f5e87bad3c948f4d605d) (ScriptedImporter) -> (artifact id: 'd4fb37d8416133bbefc58a3c81264841') in 0.009565208 seconds
Number of updated asset objects reloaded before import = 0Number of asset objects unloaded after import = 3

========================================================================
Received Import Request.
  Time since last request: 0.000034 seconds.
  path: Assets/12 Fps
  artifactKey: Guid(eb0c4aa108eaf4645ab935a3a95356ce) Importer(2089858483,b0f066a214c2f5e87bad3c948f4d605d)
Start importing Assets/12 Fps using Guid(eb0c4aa108eaf4645ab935a3a95356ce) Importer(2089858483,b0f066a214c2f5e87bad3c948f4d605d) (ScriptedImporter) -> (artifact id: '450c83804fcfe5c9405021437be9255b') in 0.001782958 seconds
Number of updated asset objects reloaded before import = 0Number of asset objects unloaded after import = 1

========================================================================
Received Import Request.
  Time since last request: 0.000087 seconds.
  path: Assets/12 Fps/Intro Anim_00003.png
  artifactKey: Guid(02d1f92de098e4ea0a4fdf83712fce39) Importer(2089858483,b0f066a214c2f5e87bad3c948f4d605d)
Start importing Assets/12 Fps/Intro Anim_00003.png using Guid(02d1f92de098e4ea0a4fdf83712fce39) Importer(2089858483,b0f066a214c2f5e87bad3c948f4d605d) (ScriptedImporter) -> (artifact id: '6e9ea59454678fb063202e2ab0e81469') in 0.01140475 seconds
Number of updated asset objects reloaded before import = 0Number of asset objects unloaded after import = 3

========================================================================
Received Import Request.
  Time since last request: 0.000065 seconds.
  path: Assets/12 Fps/Intro Anim_00021.png
  artifactKey: Guid(492fbab4ecc1d48818b7176f7b4b0e97) Importer(2089858483,b0f066a214c2f5e87bad3c948f4d605d)
Start importing Assets/12 Fps/Intro Anim_00021.png using Guid(492fbab4ecc1d48818b7176f7b4b0e97) Importer(2089858483,b0f066a214c2f5e87bad3c948f4d605d) (ScriptedImporter) -> (artifact id: '2279fde0454d5a3ee79d9d9b7712a2f5') in 0.006989833 seconds
Number of updated asset objects reloaded before import = 0Number of asset objects unloaded after import = 3

========================================================================
Received Import Request.
  Time since last request: 0.000078 seconds.
  path: Assets/12 Fps/Intro Anim_00004.png
  artifactKey: Guid(931b7057bbf184ad99a6aeee5ce4ccfa) Importer(2089858483,b0f066a214c2f5e87bad3c948f4d605d)
Start importing Assets/12 Fps/Intro Anim_00004.png using Guid(931b7057bbf184ad99a6aeee5ce4ccfa) Importer(2089858483,b0f066a214c2f5e87bad3c948f4d605d) (ScriptedImporter) -> (artifact id: '2222607b964a38f5f21662334a13e10b') in 0.007401 seconds
Number of updated asset objects reloaded before import = 0Number of asset objects unloaded after import = 3

========================================================================
Received Import Request.
  Time since last request: 0.000058 seconds.
  path: Assets/12 Fps/Intro Anim_00002.png
  artifactKey: Guid(199e3678a6ad847b28a346219a077ca8) Importer(2089858483,b0f066a214c2f5e87bad3c948f4d605d)
Start importing Assets/12 Fps/Intro Anim_00002.png using Guid(199e3678a6ad847b28a346219a077ca8) Importer(2089858483,b0f066a214c2f5e87bad3c948f4d605d) (ScriptedImporter) -> (artifact id: '6d17fe72ee2d8b01ff4e8fe28545773d') in 0.006236125 seconds
Number of updated asset objects reloaded before import = 0Number of asset objects unloaded after import = 3

========================================================================
Received Import Request.
  Time since last request: 0.000067 seconds.
  path: Assets/12 Fps/Intro Anim_00016.png
  artifactKey: Guid(b05d64a507c8c46158f33cb889e0b4ca) Importer(2089858483,b0f066a214c2f5e87bad3c948f4d605d)
Start importing Assets/12 Fps/Intro Anim_00016.png using Guid(b05d64a507c8c46158f33cb889e0b4ca) Importer(2089858483,b0f066a214c2f5e87bad3c948f4d605d) (ScriptedImporter) -> (artifact id: '81f0f613e93f44f20bae54e41a69551f') in 0.006500792 seconds
Number of updated asset objects reloaded before import = 0Number of asset objects unloaded after import = 3

========================================================================
Received Import Request.
  Time since last request: 0.000073 seconds.
  path: Assets/12 Fps/Intro Anim_00007.png
  artifactKey: Guid(ca9ed123c907440c7a35214d7b0fc28a) Importer(2089858483,b0f066a214c2f5e87bad3c948f4d605d)
Start importing Assets/12 Fps/Intro Anim_00007.png using Guid(ca9ed123c907440c7a35214d7b0fc28a) Importer(2089858483,b0f066a214c2f5e87bad3c948f4d605d) (ScriptedImporter) -> (artifact id: 'a4aac55c67b2b8afb9a4ae5e7f37aee4') in 0.007073209 seconds
Number of updated asset objects reloaded before import = 0Number of asset objects unloaded after import = 3

========================================================================
Received Import Request.
  Time since last request: 0.000039 seconds.
  path: Assets/12 Fps/Intro Anim_00019.png
  artifactKey: Guid(4217540c3ddff42c4ad8a7943078c938) Importer(2089858483,b0f066a214c2f5e87bad3c948f4d605d)
Start importing Assets/12 Fps/Intro Anim_00019.png using Guid(4217540c3ddff42c4ad8a7943078c938) Importer(2089858483,b0f066a214c2f5e87bad3c948f4d605d) (ScriptedImporter) -> (artifact id: '0b2fa590f151b4a99c0771ea26984006') in 0.006219209 seconds
Number of updated asset objects reloaded before import = 0Number of asset objects unloaded after import = 3

========================================================================
Received Import Request.
  Time since last request: 0.000090 seconds.
  path: Assets/12 Fps/Intro Anim_00030.png
  artifactKey: Guid(4e8f94b3a38d546c3903c9ab25c88b40) Importer(2089858483,b0f066a214c2f5e87bad3c948f4d605d)
Start importing Assets/12 Fps/Intro Anim_00030.png using Guid(4e8f94b3a38d546c3903c9ab25c88b40) Importer(2089858483,b0f066a214c2f5e87bad3c948f4d605d) (ScriptedImporter) -> (artifact id: 'ef7f43b7a56601dde545c860885605c6') in 0.005852625 seconds
Number of updated asset objects reloaded before import = 0Number of asset objects unloaded after import = 3

========================================================================
Received Import Request.
  Time since last request: 0.000049 seconds.
  path: Assets/12 Fps/Intro Anim_00013.png
  artifactKey: Guid(de40b808da1944758a55ec1636c849eb) Importer(2089858483,b0f066a214c2f5e87bad3c948f4d605d)
Start importing Assets/12 Fps/Intro Anim_00013.png using Guid(de40b808da1944758a55ec1636c849eb) Importer(2089858483,b0f066a214c2f5e87bad3c948f4d605d) (ScriptedImporter) -> (artifact id: '6e34c5110d3dc7bbda2249f94f6b06bd') in 0.005269666 seconds
Number of updated asset objects reloaded before import = 0Number of asset objects unloaded after import = 3

========================================================================
Received Import Request.
  Time since last request: 0.000044 seconds.
  path: Assets/12 Fps/Intro Anim_00015.png
  artifactKey: Guid(3781641fcd3ab4326b2ff89c2cd15709) Importer(2089858483,b0f066a214c2f5e87bad3c948f4d605d)
Start importing Assets/12 Fps/Intro Anim_00015.png using Guid(3781641fcd3ab4326b2ff89c2cd15709) Importer(2089858483,b0f066a214c2f5e87bad3c948f4d605d) (ScriptedImporter) -> (artifact id: 'a643a8176f2ec71a71e326da552852e0') in 0.008908166 seconds
Number of updated asset objects reloaded before import = 0Number of asset objects unloaded after import = 3

========================================================================
Received Import Request.
  Time since last request: 0.000062 seconds.
  path: Assets/12 Fps/Intro Anim_00031.png
  artifactKey: Guid(58d83788f1e2e40f09ab2737e5dfd627) Importer(2089858483,b0f066a214c2f5e87bad3c948f4d605d)
Start importing Assets/12 Fps/Intro Anim_00031.png using Guid(58d83788f1e2e40f09ab2737e5dfd627) Importer(2089858483,b0f066a214c2f5e87bad3c948f4d605d) (ScriptedImporter) -> (artifact id: 'd1bc1c94924f95ff8451b508b5eb841e') in 0.006131084 seconds
Number of updated asset objects reloaded before import = 0Number of asset objects unloaded after import = 3

========================================================================
Received Import Request.
  Time since last request: 0.000066 seconds.
  path: Assets/12 Fps/Intro Anim_00023.png
  artifactKey: Guid(8d8b1b26fb4594650944106c5e6d58f3) Importer(2089858483,b0f066a214c2f5e87bad3c948f4d605d)
Start importing Assets/12 Fps/Intro Anim_00023.png using Guid(8d8b1b26fb4594650944106c5e6d58f3) Importer(2089858483,b0f066a214c2f5e87bad3c948f4d605d) (ScriptedImporter) -> (artifact id: 'a1beca46d5c3ff51b64c8e22e374451a') in 0.006064209 seconds
Number of updated asset objects reloaded before import = 0Number of asset objects unloaded after import = 3

========================================================================
Received Import Request.
  Time since last request: 0.000044 seconds.
  path: Assets/12 Fps/Intro Anim_00018.png
  artifactKey: Guid(20d8df25ddd6745689d34d68c13e5e7f) Importer(2089858483,b0f066a214c2f5e87bad3c948f4d605d)
Start importing Assets/12 Fps/Intro Anim_00018.png using Guid(20d8df25ddd6745689d34d68c13e5e7f) Importer(2089858483,b0f066a214c2f5e87bad3c948f4d605d) (ScriptedImporter) -> (artifact id: '95ccd1def4f5ae40067eb255ec355c99') in 0.006610791 seconds
Number of updated asset objects reloaded before import = 0Number of asset objects unloaded after import = 3

========================================================================
Received Import Request.
  Time since last request: 0.000033 seconds.
  path: Assets/12 Fps/Intro Anim_00026.png
  artifactKey: Guid(91944d0bebee24104b5d3aa22077c7f6) Importer(2089858483,b0f066a214c2f5e87bad3c948f4d605d)
Start importing Assets/12 Fps/Intro Anim_00026.png using Guid(91944d0bebee24104b5d3aa22077c7f6) Importer(2089858483,b0f066a214c2f5e87bad3c948f4d605d) (ScriptedImporter) -> (artifact id: '4be39f48d74fccb2d9c5af1fd21cd42e') in 0.006675583 seconds
Number of updated asset objects reloaded before import = 0Number of asset objects unloaded after import = 3

========================================================================
Received Import Request.
  Time since last request: 0.000077 seconds.
  path: Assets/12 Fps/Intro Anim_00020.png
  artifactKey: Guid(48795a260d1a24309981f8e9527e7793) Importer(2089858483,b0f066a214c2f5e87bad3c948f4d605d)
Start importing Assets/12 Fps/Intro Anim_00020.png using Guid(48795a260d1a24309981f8e9527e7793) Importer(2089858483,b0f066a214c2f5e87bad3c948f4d605d) (ScriptedImporter) -> (artifact id: '92c39067e2af0598a04e19e795a98276') in 0.007416 seconds
Number of updated asset objects reloaded before import = 0Number of asset objects unloaded after import = 3

========================================================================
Received Import Request.
  Time since last request: 4.849264 seconds.
  path: Assets/12 Fps/Intro Anim_00000.png
  artifactKey: Guid(5db2e9e26b5f44eb18bbf3f564b7ea25) Importer(815301076,1909f56bfc062723c751e8b465ee728b)
Start importing Assets/12 Fps/Intro Anim_00000.png using Guid(5db2e9e26b5f44eb18bbf3f564b7ea25) Importer(815301076,1909f56bfc062723c751e8b465ee728b) (PreviewImporter) -> (artifact id: 'd66e3a6fe9c3a0352c3887b05e6f1a0c') in 0.020225916 seconds
Number of updated asset objects reloaded before import = 0Number of asset objects unloaded after import = 3

========================================================================
Received Import Request.
  Time since last request: 2.051526 seconds.
  path: Assets/12 Fps/Intro Anim_00001.png
  artifactKey: Guid(b2411f9cd16fa4c7e972360492a99158) Importer(815301076,1909f56bfc062723c751e8b465ee728b)
Start importing Assets/12 Fps/Intro Anim_00001.png using Guid(b2411f9cd16fa4c7e972360492a99158) Importer(815301076,1909f56bfc062723c751e8b465ee728b) (PreviewImporter) -> (artifact id: '6c77722cb07916ccd08b6e23b6fabb1c') in 0.013013417 seconds
Number of updated asset objects reloaded before import = 0Number of asset objects unloaded after import = 3

========================================================================
Received Import Request.
  Time since last request: 0.172335 seconds.
  path: Assets/12 Fps/Intro Anim_00002.png
  artifactKey: Guid(199e3678a6ad847b28a346219a077ca8) Importer(815301076,1909f56bfc062723c751e8b465ee728b)
Start importing Assets/12 Fps/Intro Anim_00002.png using Guid(199e3678a6ad847b28a346219a077ca8) Importer(815301076,1909f56bfc062723c751e8b465ee728b) (PreviewImporter) -> (artifact id: '836835341e9003dbd637c36eb1e5114a') in 0.012107875 seconds
Number of updated asset objects reloaded before import = 0Number of asset objects unloaded after import = 3

========================================================================
Received Import Request.
  Time since last request: 0.152399 seconds.
  path: Assets/12 Fps/Intro Anim_00003.png
  artifactKey: Guid(02d1f92de098e4ea0a4fdf83712fce39) Importer(815301076,1909f56bfc062723c751e8b465ee728b)
Start importing Assets/12 Fps/Intro Anim_00003.png using Guid(02d1f92de098e4ea0a4fdf83712fce39) Importer(815301076,1909f56bfc062723c751e8b465ee728b) (PreviewImporter) -> (artifact id: 'a302a3d6e9677325b3482421d9851498') in 0.011904875 seconds
Number of updated asset objects reloaded before import = 0Number of asset objects unloaded after import = 3

========================================================================
Received Import Request.
  Time since last request: 0.338674 seconds.
  path: Assets/12 Fps/Intro Anim_00004.png
  artifactKey: Guid(931b7057bbf184ad99a6aeee5ce4ccfa) Importer(815301076,1909f56bfc062723c751e8b465ee728b)
Start importing Assets/12 Fps/Intro Anim_00004.png using Guid(931b7057bbf184ad99a6aeee5ce4ccfa) Importer(815301076,1909f56bfc062723c751e8b465ee728b) (PreviewImporter) -> (artifact id: '1ed1f2dac33379cd1c2cbc5f7a7872ed') in 0.009045416 seconds
Number of updated asset objects reloaded before import = 0Number of asset objects unloaded after import = 3

========================================================================
Received Import Request.
  Time since last request: 0.162277 seconds.
  path: Assets/12 Fps/Intro Anim_00005.png
  artifactKey: Guid(7bac4609b3f7a4c1183c1f656e43ed4f) Importer(815301076,1909f56bfc062723c751e8b465ee728b)
Start importing Assets/12 Fps/Intro Anim_00005.png using Guid(7bac4609b3f7a4c1183c1f656e43ed4f) Importer(815301076,1909f56bfc062723c751e8b465ee728b) (PreviewImporter) -> (artifact id: '24295c87e3583e4fbcbbf6dcd583d251') in 0.010069709 seconds
Number of updated asset objects reloaded before import = 0Number of asset objects unloaded after import = 3

========================================================================
Received Import Request.
  Time since last request: 2.992725 seconds.
  path: Assets/12 Fps/Intro Anim_00024.png
  artifactKey: Guid(e1cf683398fd94fd8a476325c36601d7) Importer(815301076,1909f56bfc062723c751e8b465ee728b)
Start importing Assets/12 Fps/Intro Anim_00024.png using Guid(e1cf683398fd94fd8a476325c36601d7) Importer(815301076,1909f56bfc062723c751e8b465ee728b) (PreviewImporter) -> (artifact id: '96e12e59548a1d7b90a48357afdc7074') in 0.012724583 seconds
Number of updated asset objects reloaded before import = 0Number of asset objects unloaded after import = 3

========================================================================
Received Import Request.
  Time since last request: 13.900388 seconds.
  path: Assets/12 Fps/Intro Anim_00024.png
  artifactKey: Guid(e1cf683398fd94fd8a476325c36601d7) Importer(815301076,1909f56bfc062723c751e8b465ee728b)
Start importing Assets/12 Fps/Intro Anim_00024.png using Guid(e1cf683398fd94fd8a476325c36601d7) Importer(815301076,1909f56bfc062723c751e8b465ee728b) (PreviewImporter) -> (artifact id: '6dab29644b54cc0d659e353b69c1cdaf') in 0.014429542 seconds
Number of updated asset objects reloaded before import = 0Number of asset objects unloaded after import = 3

========================================================================
Received Import Request.
  Time since last request: 0.945319 seconds.
  path: Assets/12 Fps/Intro Anim_00024.png
  artifactKey: Guid(e1cf683398fd94fd8a476325c36601d7) Importer(2089858483,b0f066a214c2f5e87bad3c948f4d605d)
Start importing Assets/12 Fps/Intro Anim_00024.png using Guid(e1cf683398fd94fd8a476325c36601d7) Importer(2089858483,b0f066a214c2f5e87bad3c948f4d605d) (ScriptedImporter) -> (artifact id: '1b3c3644d9b807c7fd5d2b3748ea6ae5') in 0.006445125 seconds
Number of updated asset objects reloaded before import = 0Number of asset objects unloaded after import = 3

========================================================================
Received Import Request.
  Time since last request: 0.000068 seconds.
  path: Assets/12 Fps/Intro Anim_00014.png
  artifactKey: Guid(3463cb233dca14717ab043d5b35061ae) Importer(2089858483,b0f066a214c2f5e87bad3c948f4d605d)
Start importing Assets/12 Fps/Intro Anim_00014.png using Guid(3463cb233dca14717ab043d5b35061ae) Importer(2089858483,b0f066a214c2f5e87bad3c948f4d605d) (ScriptedImporter) -> (artifact id: 'e70c3f82a3b42e8daefc818d2f19c7e4') in 0.005458834 seconds
Number of updated asset objects reloaded before import = 0Number of asset objects unloaded after import = 3

========================================================================
Received Import Request.
  Time since last request: 0.000061 seconds.
  path: Assets/12 Fps/Intro Anim_00009.png
  artifactKey: Guid(06a32fa655f694d8da6d3021857fb230) Importer(2089858483,b0f066a214c2f5e87bad3c948f4d605d)
Start importing Assets/12 Fps/Intro Anim_00009.png using Guid(06a32fa655f694d8da6d3021857fb230) Importer(2089858483,b0f066a214c2f5e87bad3c948f4d605d) (ScriptedImporter) -> (artifact id: '7613b55311bd9e95080ce93fc95af65a') in 0.005801792 seconds
Number of updated asset objects reloaded before import = 0Number of asset objects unloaded after import = 3

========================================================================
Received Import Request.
  Time since last request: 0.000061 seconds.
  path: Assets/12 Fps/Intro Anim_00012.png
  artifactKey: Guid(add4ac138ac094d3fb3d54ac057e1b16) Importer(2089858483,b0f066a214c2f5e87bad3c948f4d605d)
Start importing Assets/12 Fps/Intro Anim_00012.png using Guid(add4ac138ac094d3fb3d54ac057e1b16) Importer(2089858483,b0f066a214c2f5e87bad3c948f4d605d) (ScriptedImporter) -> (artifact id: 'fcecfd6345b3bc613e9f58295ca28414') in 0.007289083 seconds
Number of updated asset objects reloaded before import = 0Number of asset objects unloaded after import = 3

========================================================================
Received Import Request.
  Time since last request: 0.000081 seconds.
  path: Assets/12 Fps/Intro Anim_00002.png
  artifactKey: Guid(199e3678a6ad847b28a346219a077ca8) Importer(2089858483,b0f066a214c2f5e87bad3c948f4d605d)
Start importing Assets/12 Fps/Intro Anim_00002.png using Guid(199e3678a6ad847b28a346219a077ca8) Importer(2089858483,b0f066a214c2f5e87bad3c948f4d605d) (ScriptedImporter) -> (artifact id: '300c243d5c6943371f8ef514ab8d840f') in 0.00517525 seconds
Number of updated asset objects reloaded before import = 0Number of asset objects unloaded after import = 3

========================================================================
Received Import Request.
  Time since last request: 0.000073 seconds.
  path: Assets/12 Fps/Intro Anim_00027.png
  artifactKey: Guid(31513330f5acb4479b899ad7138d1967) Importer(2089858483,b0f066a214c2f5e87bad3c948f4d605d)
Start importing Assets/12 Fps/Intro Anim_00027.png using Guid(31513330f5acb4479b899ad7138d1967) Importer(2089858483,b0f066a214c2f5e87bad3c948f4d605d) (ScriptedImporter) -> (artifact id: 'b7186fb8db3954f84aaafae878e2f272') in 0.006133125 seconds
Number of updated asset objects reloaded before import = 0Number of asset objects unloaded after import = 3

========================================================================
Received Import Request.
  Time since last request: 0.000047 seconds.
  path: Assets/12 Fps/Intro Anim_00017.png
  artifactKey: Guid(e1a64222de11b4241842bc3e07f76dd4) Importer(2089858483,b0f066a214c2f5e87bad3c948f4d605d)
Start importing Assets/12 Fps/Intro Anim_00017.png using Guid(e1a64222de11b4241842bc3e07f76dd4) Importer(2089858483,b0f066a214c2f5e87bad3c948f4d605d) (ScriptedImporter) -> (artifact id: 'd2ead9a1cf81ac9fb9d5936fc301e8d0') in 0.006112041 seconds
Number of updated asset objects reloaded before import = 0Number of asset objects unloaded after import = 3

========================================================================
Received Import Request.
  Time since last request: 0.000071 seconds.
  path: Assets/12 Fps/Intro Anim_00005.png
  artifactKey: Guid(7bac4609b3f7a4c1183c1f656e43ed4f) Importer(2089858483,b0f066a214c2f5e87bad3c948f4d605d)
Start importing Assets/12 Fps/Intro Anim_00005.png using Guid(7bac4609b3f7a4c1183c1f656e43ed4f) Importer(2089858483,b0f066a214c2f5e87bad3c948f4d605d) (ScriptedImporter) -> (artifact id: '63c3a935e01b9bbb3d7a0c1850941f74') in 0.0069125 seconds
Number of updated asset objects reloaded before import = 0Number of asset objects unloaded after import = 3

========================================================================
Received Import Request.
  Time since last request: 0.000107 seconds.
  path: Assets/12 Fps/Intro Anim_00022.png
  artifactKey: Guid(6bb9d1637bd524dd7a7d57dde0cb97f9) Importer(2089858483,b0f066a214c2f5e87bad3c948f4d605d)
Start importing Assets/12 Fps/Intro Anim_00022.png using Guid(6bb9d1637bd524dd7a7d57dde0cb97f9) Importer(2089858483,b0f066a214c2f5e87bad3c948f4d605d) (ScriptedImporter) -> (artifact id: '2f3bc41e80c7257f747afd4bcddd2a2c') in 0.005729375 seconds
Number of updated asset objects reloaded before import = 0Number of asset objects unloaded after import = 3

========================================================================
Received Import Request.
  Time since last request: 0.000055 seconds.
  path: Assets/12 Fps/Intro Anim_00030.png
  artifactKey: Guid(4e8f94b3a38d546c3903c9ab25c88b40) Importer(2089858483,b0f066a214c2f5e87bad3c948f4d605d)
Start importing Assets/12 Fps/Intro Anim_00030.png using Guid(4e8f94b3a38d546c3903c9ab25c88b40) Importer(2089858483,b0f066a214c2f5e87bad3c948f4d605d) (ScriptedImporter) -> (artifact id: '7f08a21aa7ad88d19432c5ec4e058953') in 0.004582667 seconds
Number of updated asset objects reloaded before import = 0Number of asset objects unloaded after import = 3

========================================================================
Received Import Request.
  Time since last request: 0.000127 seconds.
  path: Assets/12 Fps/Intro Anim_00028.png
  artifactKey: Guid(5c6a08fdf372d4551a7ad1925273d1b8) Importer(2089858483,b0f066a214c2f5e87bad3c948f4d605d)
Start importing Assets/12 Fps/Intro Anim_00028.png using Guid(5c6a08fdf372d4551a7ad1925273d1b8) Importer(2089858483,b0f066a214c2f5e87bad3c948f4d605d) (ScriptedImporter) -> (artifact id: '8e0b99abb67217ab1aa94b0dc4f3f7ee') in 0.005713167 seconds
Number of updated asset objects reloaded before import = 0Number of asset objects unloaded after import = 3

========================================================================
Received Import Request.
  Time since last request: 0.000081 seconds.
  path: Assets/12 Fps/Intro Anim_00006.png
  artifactKey: Guid(16c69d1ffd0fb4ca4a60e7b42141b402) Importer(2089858483,b0f066a214c2f5e87bad3c948f4d605d)
Start importing Assets/12 Fps/Intro Anim_00006.png using Guid(16c69d1ffd0fb4ca4a60e7b42141b402) Importer(2089858483,b0f066a214c2f5e87bad3c948f4d605d) (ScriptedImporter) -> (artifact id: 'd070dd17d783e96efd82f93e8de20f46') in 0.005621041 seconds
Number of updated asset objects reloaded before import = 0Number of asset objects unloaded after import = 3

========================================================================
Received Import Request.
  Time since last request: 0.000052 seconds.
  path: Assets/12 Fps/Intro Anim_00010.png
  artifactKey: Guid(9c6ecaa146f5f4dd8adc9b5f73c84ddd) Importer(2089858483,b0f066a214c2f5e87bad3c948f4d605d)
Start importing Assets/12 Fps/Intro Anim_00010.png using Guid(9c6ecaa146f5f4dd8adc9b5f73c84ddd) Importer(2089858483,b0f066a214c2f5e87bad3c948f4d605d) (ScriptedImporter) -> (artifact id: '9c116c4ebb10247772e80bfb655f1e15') in 0.007100458 seconds
Number of updated asset objects reloaded before import = 0Number of asset objects unloaded after import = 3

========================================================================
Received Import Request.
  Time since last request: 0.000068 seconds.
  path: Assets/12 Fps/Intro Anim_00011.png
  artifactKey: Guid(879832d2af7014fb7bfdfe5fe778cd31) Importer(2089858483,b0f066a214c2f5e87bad3c948f4d605d)
Start importing Assets/12 Fps/Intro Anim_00011.png using Guid(879832d2af7014fb7bfdfe5fe778cd31) Importer(2089858483,b0f066a214c2f5e87bad3c948f4d605d) (ScriptedImporter) -> (artifact id: '1defaf5a0a49b47d1e20fd5aabd8d823') in 0.005254625 seconds
Number of updated asset objects reloaded before import = 0Number of asset objects unloaded after import = 3

========================================================================
Received Import Request.
  Time since last request: 0.000068 seconds.
  path: Assets/12 Fps/Intro Anim_00018.png
  artifactKey: Guid(20d8df25ddd6745689d34d68c13e5e7f) Importer(2089858483,b0f066a214c2f5e87bad3c948f4d605d)
Start importing Assets/12 Fps/Intro Anim_00018.png using Guid(20d8df25ddd6745689d34d68c13e5e7f) Importer(2089858483,b0f066a214c2f5e87bad3c948f4d605d) (ScriptedImporter) -> (artifact id: '4eb5253f3ff4346b59f118856264320b') in 0.006284708 seconds
Number of updated asset objects reloaded before import = 0Number of asset objects unloaded after import = 3

========================================================================
Received Import Request.
  Time since last request: 0.000053 seconds.
  path: Assets/12 Fps/Intro Anim_00026.png
  artifactKey: Guid(91944d0bebee24104b5d3aa22077c7f6) Importer(2089858483,b0f066a214c2f5e87bad3c948f4d605d)
Start importing Assets/12 Fps/Intro Anim_00026.png using Guid(91944d0bebee24104b5d3aa22077c7f6) Importer(2089858483,b0f066a214c2f5e87bad3c948f4d605d) (ScriptedImporter) -> (artifact id: '0a217b31f3debf53f9d64921f03f5f8c') in 0.0057025 seconds
Number of updated asset objects reloaded before import = 0Number of asset objects unloaded after import = 3

========================================================================
Received Import Request.
  Time since last request: 0.000061 seconds.
  path: Assets/12 Fps/Intro Anim_00020.png
  artifactKey: Guid(48795a260d1a24309981f8e9527e7793) Importer(2089858483,b0f066a214c2f5e87bad3c948f4d605d)
Start importing Assets/12 Fps/Intro Anim_00020.png using Guid(48795a260d1a24309981f8e9527e7793) Importer(2089858483,b0f066a214c2f5e87bad3c948f4d605d) (ScriptedImporter) -> (artifact id: '80509655b83fa15bac5fd5d6abc0020d') in 0.005519792 seconds
Number of updated asset objects reloaded before import = 0Number of asset objects unloaded after import = 3

========================================================================
Received Import Request.
  Time since last request: 17.097385 seconds.
  path: Assets/12 Fps/Intro Anim_00024.png
  artifactKey: Guid(e1cf683398fd94fd8a476325c36601d7) Importer(815301076,1909f56bfc062723c751e8b465ee728b)
Start importing Assets/12 Fps/Intro Anim_00024.png using Guid(e1cf683398fd94fd8a476325c36601d7) Importer(815301076,1909f56bfc062723c751e8b465ee728b) (PreviewImporter) -> (artifact id: '48af2572e8cf74d1eddb54b423ea8e0a') in 0.010065375 seconds
Number of updated asset objects reloaded before import = 0Number of asset objects unloaded after import = 3

========================================================================
Received Import Request.
  Time since last request: 0.956238 seconds.
  path: Assets/12 Fps/Intro Anim_00024.png
  artifactKey: Guid(e1cf683398fd94fd8a476325c36601d7) Importer(2089858483,b0f066a214c2f5e87bad3c948f4d605d)
Start importing Assets/12 Fps/Intro Anim_00024.png using Guid(e1cf683398fd94fd8a476325c36601d7) Importer(2089858483,b0f066a214c2f5e87bad3c948f4d605d) (ScriptedImporter) -> (artifact id: '9b661bf7f7afe9ff4a0d642cb6a34c9e') in 0.005846708 seconds
Number of updated asset objects reloaded before import = 0Number of asset objects unloaded after import = 3

========================================================================
Received Import Request.
  Time since last request: 0.000119 seconds.
  path: Assets/12 Fps/Intro Anim_00014.png
  artifactKey: Guid(3463cb233dca14717ab043d5b35061ae) Importer(2089858483,b0f066a214c2f5e87bad3c948f4d605d)
Start importing Assets/12 Fps/Intro Anim_00014.png using Guid(3463cb233dca14717ab043d5b35061ae) Importer(2089858483,b0f066a214c2f5e87bad3c948f4d605d) (ScriptedImporter) -> (artifact id: '1ba30dabccde325f0a37265f2cadc98f') in 0.005816791 seconds
Number of updated asset objects reloaded before import = 0Number of asset objects unloaded after import = 3

========================================================================
Received Import Request.
  Time since last request: 0.000040 seconds.
  path: Assets/12 Fps/Intro Anim_00021.png
  artifactKey: Guid(492fbab4ecc1d48818b7176f7b4b0e97) Importer(2089858483,b0f066a214c2f5e87bad3c948f4d605d)
Start importing Assets/12 Fps/Intro Anim_00021.png using Guid(492fbab4ecc1d48818b7176f7b4b0e97) Importer(2089858483,b0f066a214c2f5e87bad3c948f4d605d) (ScriptedImporter) -> (artifact id: '33dc48494b19ee57daa7f544ac8dc392') in 0.00453875 seconds
Number of updated asset objects reloaded before import = 0Number of asset objects unloaded after import = 3

========================================================================
Received Import Request.
  Time since last request: 0.000055 seconds.
  path: Assets/12 Fps/Intro Anim_00004.png
  artifactKey: Guid(931b7057bbf184ad99a6aeee5ce4ccfa) Importer(2089858483,b0f066a214c2f5e87bad3c948f4d605d)
Start importing Assets/12 Fps/Intro Anim_00004.png using Guid(931b7057bbf184ad99a6aeee5ce4ccfa) Importer(2089858483,b0f066a214c2f5e87bad3c948f4d605d) (ScriptedImporter) -> (artifact id: 'b98d3f98234e84e833045f2601f3b01d') in 0.00487775 seconds
Number of updated asset objects reloaded before import = 0Number of asset objects unloaded after import = 3

========================================================================
Received Import Request.
  Time since last request: 0.000098 seconds.
  path: Assets/12 Fps/Intro Anim_00002.png
  artifactKey: Guid(199e3678a6ad847b28a346219a077ca8) Importer(2089858483,b0f066a214c2f5e87bad3c948f4d605d)
Start importing Assets/12 Fps/Intro Anim_00002.png using Guid(199e3678a6ad847b28a346219a077ca8) Importer(2089858483,b0f066a214c2f5e87bad3c948f4d605d) (ScriptedImporter) -> (artifact id: '28b81bb17925a278a95b45d7232c7566') in 0.004363291 seconds
Number of updated asset objects reloaded before import = 0Number of asset objects unloaded after import = 3

========================================================================
Received Import Request.
  Time since last request: 0.000109 seconds.
  path: Assets/12 Fps/Intro Anim_00027.png
  artifactKey: Guid(31513330f5acb4479b899ad7138d1967) Importer(2089858483,b0f066a214c2f5e87bad3c948f4d605d)
Start importing Assets/12 Fps/Intro Anim_00027.png using Guid(31513330f5acb4479b899ad7138d1967) Importer(2089858483,b0f066a214c2f5e87bad3c948f4d605d) (ScriptedImporter) -> (artifact id: '5c7a1188224025e478ae5480093ea1af') in 0.004350375 seconds
Number of updated asset objects reloaded before import = 0Number of asset objects unloaded after import = 3

========================================================================
Received Import Request.
  Time since last request: 0.000079 seconds.
  path: Assets/12 Fps/Intro Anim_00017.png
  artifactKey: Guid(e1a64222de11b4241842bc3e07f76dd4) Importer(2089858483,b0f066a214c2f5e87bad3c948f4d605d)
Start importing Assets/12 Fps/Intro Anim_00017.png using Guid(e1a64222de11b4241842bc3e07f76dd4) Importer(2089858483,b0f066a214c2f5e87bad3c948f4d605d) (ScriptedImporter) -> (artifact id: 'dfa1a3c2ac8abd6343e4fff89fa61d7d') in 0.004981 seconds
Number of updated asset objects reloaded before import = 0Number of asset objects unloaded after import = 3

========================================================================
Received Import Request.
  Time since last request: 0.000047 seconds.
  path: Assets/12 Fps/Intro Anim_00008.png
  artifactKey: Guid(eb9aa343862c043c49de35315e2a76f6) Importer(2089858483,b0f066a214c2f5e87bad3c948f4d605d)
Start importing Assets/12 Fps/Intro Anim_00008.png using Guid(eb9aa343862c043c49de35315e2a76f6) Importer(2089858483,b0f066a214c2f5e87bad3c948f4d605d) (ScriptedImporter) -> (artifact id: 'e6f7cecb4d2822a09a710c3353cc3ea3') in 0.006104 seconds
Number of updated asset objects reloaded before import = 0Number of asset objects unloaded after import = 3

========================================================================
Received Import Request.
  Time since last request: 0.000064 seconds.
  path: Assets/12 Fps/Intro Anim_00022.png
  artifactKey: Guid(6bb9d1637bd524dd7a7d57dde0cb97f9) Importer(2089858483,b0f066a214c2f5e87bad3c948f4d605d)
Start importing Assets/12 Fps/Intro Anim_00022.png using Guid(6bb9d1637bd524dd7a7d57dde0cb97f9) Importer(2089858483,b0f066a214c2f5e87bad3c948f4d605d) (ScriptedImporter) -> (artifact id: '8adc626f2ac385057ab17f8e23225aac') in 0.004715792 seconds
Number of updated asset objects reloaded before import = 0Number of asset objects unloaded after import = 3

========================================================================
Received Import Request.
  Time since last request: 0.000045 seconds.
  path: Assets/12 Fps/Intro Anim_00013.png
  artifactKey: Guid(de40b808da1944758a55ec1636c849eb) Importer(2089858483,b0f066a214c2f5e87bad3c948f4d605d)
Start importing Assets/12 Fps/Intro Anim_00013.png using Guid(de40b808da1944758a55ec1636c849eb) Importer(2089858483,b0f066a214c2f5e87bad3c948f4d605d) (ScriptedImporter) -> (artifact id: '53027fcd618ba9a4929c38d9c4844e18') in 0.004450625 seconds
Number of updated asset objects reloaded before import = 0Number of asset objects unloaded after import = 3

========================================================================
Received Import Request.
  Time since last request: 0.000056 seconds.
  path: Assets/12 Fps/Intro Anim_00028.png
  artifactKey: Guid(5c6a08fdf372d4551a7ad1925273d1b8) Importer(2089858483,b0f066a214c2f5e87bad3c948f4d605d)
Start importing Assets/12 Fps/Intro Anim_00028.png using Guid(5c6a08fdf372d4551a7ad1925273d1b8) Importer(2089858483,b0f066a214c2f5e87bad3c948f4d605d) (ScriptedImporter) -> (artifact id: 'cc1fa957e34b273c06db3f4ee7c99ba5') in 0.004745084 seconds
Number of updated asset objects reloaded before import = 0Number of asset objects unloaded after import = 3

========================================================================
Received Import Request.
  Time since last request: 0.000054 seconds.
  path: Assets/12 Fps/Intro Anim_00032.png
  artifactKey: Guid(f85e3d16dfeaa411b893f2426392d2a7) Importer(2089858483,b0f066a214c2f5e87bad3c948f4d605d)
Start importing Assets/12 Fps/Intro Anim_00032.png using Guid(f85e3d16dfeaa411b893f2426392d2a7) Importer(2089858483,b0f066a214c2f5e87bad3c948f4d605d) (ScriptedImporter) -> (artifact id: '0a09c4d0bbe0ffc6fd1a0a14782b0269') in 0.005465916 seconds
Number of updated asset objects reloaded before import = 0Number of asset objects unloaded after import = 3

========================================================================
Received Import Request.
  Time since last request: 0.000099 seconds.
  path: Assets/12 Fps/Intro Anim_00031.png
  artifactKey: Guid(58d83788f1e2e40f09ab2737e5dfd627) Importer(2089858483,b0f066a214c2f5e87bad3c948f4d605d)
Start importing Assets/12 Fps/Intro Anim_00031.png using Guid(58d83788f1e2e40f09ab2737e5dfd627) Importer(2089858483,b0f066a214c2f5e87bad3c948f4d605d) (ScriptedImporter) -> (artifact id: '7d3c4847691137f1e0d3b03547fffbae') in 0.004617834 seconds
Number of updated asset objects reloaded before import = 0Number of asset objects unloaded after import = 3

========================================================================
Received Import Request.
  Time since last request: 0.000066 seconds.
  path: Assets/12 Fps/Intro Anim_00011.png
  artifactKey: Guid(879832d2af7014fb7bfdfe5fe778cd31) Importer(2089858483,b0f066a214c2f5e87bad3c948f4d605d)
Start importing Assets/12 Fps/Intro Anim_00011.png using Guid(879832d2af7014fb7bfdfe5fe778cd31) Importer(2089858483,b0f066a214c2f5e87bad3c948f4d605d) (ScriptedImporter) -> (artifact id: 'ed2133bfad5bfcb6a5e4af8292b843ae') in 0.008211417 seconds
Number of updated asset objects reloaded before import = 0Number of asset objects unloaded after import = 3

========================================================================
Received Import Request.
  Time since last request: 0.000079 seconds.
  path: Assets/12 Fps/Intro Anim_00025.png
  artifactKey: Guid(3f60a80df51a14cc7b1aa4f08240a740) Importer(2089858483,b0f066a214c2f5e87bad3c948f4d605d)
Start importing Assets/12 Fps/Intro Anim_00025.png using Guid(3f60a80df51a14cc7b1aa4f08240a740) Importer(2089858483,b0f066a214c2f5e87bad3c948f4d605d) (ScriptedImporter) -> (artifact id: 'ba5702d0192ebe3762cba36210863464') in 0.007160292 seconds
Number of updated asset objects reloaded before import = 0Number of asset objects unloaded after import = 3

========================================================================
Received Import Request.
  Time since last request: 0.000081 seconds.
  path: Assets/12 Fps/Intro Anim_00029.png
  artifactKey: Guid(32cb1e269b66e4d3c8bea604997a8f46) Importer(2089858483,b0f066a214c2f5e87bad3c948f4d605d)
Start importing Assets/12 Fps/Intro Anim_00029.png using Guid(32cb1e269b66e4d3c8bea604997a8f46) Importer(2089858483,b0f066a214c2f5e87bad3c948f4d605d) (ScriptedImporter) -> (artifact id: '730515a132a45f74b8cdcef7a8efbb3f') in 0.0056725 seconds
Number of updated asset objects reloaded before import = 0Number of asset objects unloaded after import = 3

========================================================================
Received Import Request.
  Time since last request: 1.726766 seconds.
  path: Assets/12 Fps/Intro Anim_00000.png
  artifactKey: Guid(5db2e9e26b5f44eb18bbf3f564b7ea25) Importer(815301076,1909f56bfc062723c751e8b465ee728b)
Start importing Assets/12 Fps/Intro Anim_00000.png using Guid(5db2e9e26b5f44eb18bbf3f564b7ea25) Importer(815301076,1909f56bfc062723c751e8b465ee728b) (PreviewImporter) -> (artifact id: '61f668997113ed09eb399a53475e0dbb') in 0.013590167 seconds
Number of updated asset objects reloaded before import = 0Number of asset objects unloaded after import = 3

========================================================================
Received Import Request.
  Time since last request: 29.392037 seconds.
  path: Assets/12 Fps/Intro Anim_00005.png
  artifactKey: Guid(7bac4609b3f7a4c1183c1f656e43ed4f) Importer(815301076,1909f56bfc062723c751e8b465ee728b)
Start importing Assets/12 Fps/Intro Anim_00005.png using Guid(7bac4609b3f7a4c1183c1f656e43ed4f) Importer(815301076,1909f56bfc062723c751e8b465ee728b) (PreviewImporter) -> (artifact id: 'af5279460d47e263ee6c203c6325dfe0') in 0.014753125 seconds
Number of updated asset objects reloaded before import = 0Number of asset objects unloaded after import = 3

========================================================================
Received Import Request.
  Time since last request: 0.922472 seconds.
  path: Assets/12 Fps/Intro Anim_00006.png
  artifactKey: Guid(16c69d1ffd0fb4ca4a60e7b42141b402) Importer(815301076,1909f56bfc062723c751e8b465ee728b)
Start importing Assets/12 Fps/Intro Anim_00006.png using Guid(16c69d1ffd0fb4ca4a60e7b42141b402) Importer(815301076,1909f56bfc062723c751e8b465ee728b) (PreviewImporter) -> (artifact id: 'a619946ccdf48d7f2ae126ec4438165a') in 0.01117 seconds
Number of updated asset objects reloaded before import = 0Number of asset objects unloaded after import = 3

========================================================================
Received Import Request.
  Time since last request: 0.192488 seconds.
  path: Assets/12 Fps/Intro Anim_00007.png
  artifactKey: Guid(ca9ed123c907440c7a35214d7b0fc28a) Importer(815301076,1909f56bfc062723c751e8b465ee728b)
Start importing Assets/12 Fps/Intro Anim_00007.png using Guid(ca9ed123c907440c7a35214d7b0fc28a) Importer(815301076,1909f56bfc062723c751e8b465ee728b) (PreviewImporter) -> (artifact id: 'ddd6ba72955b401dc6f645e194ac4413') in 0.01275375 seconds
Number of updated asset objects reloaded before import = 0Number of asset objects unloaded after import = 3

========================================================================
Received Import Request.
  Time since last request: 0.154145 seconds.
  path: Assets/12 Fps/Intro Anim_00008.png
  artifactKey: Guid(eb9aa343862c043c49de35315e2a76f6) Importer(815301076,1909f56bfc062723c751e8b465ee728b)
Start importing Assets/12 Fps/Intro Anim_00008.png using Guid(eb9aa343862c043c49de35315e2a76f6) Importer(815301076,1909f56bfc062723c751e8b465ee728b) (PreviewImporter) -> (artifact id: '589e87ec22542ffd5c94af44b9909b6e') in 0.011028791 seconds
Number of updated asset objects reloaded before import = 0Number of asset objects unloaded after import = 3

========================================================================
Received Import Request.
  Time since last request: 0.495762 seconds.
  path: Assets/12 Fps/Intro Anim_00009.png
  artifactKey: Guid(06a32fa655f694d8da6d3021857fb230) Importer(815301076,1909f56bfc062723c751e8b465ee728b)
Start importing Assets/12 Fps/Intro Anim_00009.png using Guid(06a32fa655f694d8da6d3021857fb230) Importer(815301076,1909f56bfc062723c751e8b465ee728b) (PreviewImporter) -> (artifact id: 'd82c5c9232754494b77dbd566c96d3dc') in 0.011408584 seconds
Number of updated asset objects reloaded before import = 0Number of asset objects unloaded after import = 3

========================================================================
Received Import Request.
  Time since last request: 0.059768 seconds.
  path: Assets/12 Fps/Intro Anim_00010.png
  artifactKey: Guid(9c6ecaa146f5f4dd8adc9b5f73c84ddd) Importer(815301076,1909f56bfc062723c751e8b465ee728b)
Start importing Assets/12 Fps/Intro Anim_00010.png using Guid(9c6ecaa146f5f4dd8adc9b5f73c84ddd) Importer(815301076,1909f56bfc062723c751e8b465ee728b) (PreviewImporter) -> (artifact id: 'b74ac07d9e1174b81c2b6c968550c458') in 0.0102765 seconds
Number of updated asset objects reloaded before import = 0Number of asset objects unloaded after import = 3

========================================================================
Received Import Request.
  Time since last request: 0.075783 seconds.
  path: Assets/12 Fps/Intro Anim_00011.png
  artifactKey: Guid(879832d2af7014fb7bfdfe5fe778cd31) Importer(815301076,1909f56bfc062723c751e8b465ee728b)
Start importing Assets/12 Fps/Intro Anim_00011.png using Guid(879832d2af7014fb7bfdfe5fe778cd31) Importer(815301076,1909f56bfc062723c751e8b465ee728b) (PreviewImporter) -> (artifact id: '2189469b395a1f7aa8ea3faf9e453527') in 0.010026333 seconds
Number of updated asset objects reloaded before import = 0Number of asset objects unloaded after import = 3

========================================================================
Received Import Request.
  Time since last request: 0.067062 seconds.
  path: Assets/12 Fps/Intro Anim_00012.png
  artifactKey: Guid(add4ac138ac094d3fb3d54ac057e1b16) Importer(815301076,1909f56bfc062723c751e8b465ee728b)
Start importing Assets/12 Fps/Intro Anim_00012.png using Guid(add4ac138ac094d3fb3d54ac057e1b16) Importer(815301076,1909f56bfc062723c751e8b465ee728b) (PreviewImporter) -> (artifact id: '52b28f66061a626a10ba2b7e56ebce6f') in 0.010336083 seconds
Number of updated asset objects reloaded before import = 0Number of asset objects unloaded after import = 3

========================================================================
Received Import Request.
  Time since last request: 0.079079 seconds.
  path: Assets/12 Fps/Intro Anim_00013.png
  artifactKey: Guid(de40b808da1944758a55ec1636c849eb) Importer(815301076,1909f56bfc062723c751e8b465ee728b)
Start importing Assets/12 Fps/Intro Anim_00013.png using Guid(de40b808da1944758a55ec1636c849eb) Importer(815301076,1909f56bfc062723c751e8b465ee728b) (PreviewImporter) -> (artifact id: '20d480fe748c4569934166b546b83a77') in 0.010160458 seconds
Number of updated asset objects reloaded before import = 0Number of asset objects unloaded after import = 3

========================================================================
Received Import Request.
  Time since last request: 0.067975 seconds.
  path: Assets/12 Fps/Intro Anim_00014.png
  artifactKey: Guid(3463cb233dca14717ab043d5b35061ae) Importer(815301076,1909f56bfc062723c751e8b465ee728b)
Start importing Assets/12 Fps/Intro Anim_00014.png using Guid(3463cb233dca14717ab043d5b35061ae) Importer(815301076,1909f56bfc062723c751e8b465ee728b) (PreviewImporter) -> (artifact id: '2931ba0a72851fdf4532dc82419373ad') in 0.011058709 seconds
Number of updated asset objects reloaded before import = 0Number of asset objects unloaded after import = 3

========================================================================
Received Import Request.
  Time since last request: 0.074800 seconds.
  path: Assets/12 Fps/Intro Anim_00015.png
  artifactKey: Guid(3781641fcd3ab4326b2ff89c2cd15709) Importer(815301076,1909f56bfc062723c751e8b465ee728b)
Start importing Assets/12 Fps/Intro Anim_00015.png using Guid(3781641fcd3ab4326b2ff89c2cd15709) Importer(815301076,1909f56bfc062723c751e8b465ee728b) (PreviewImporter) -> (artifact id: '105ae5c023ef0e05bf3495af8c3b792c') in 0.009592875 seconds
Number of updated asset objects reloaded before import = 0Number of asset objects unloaded after import = 3

========================================================================
Received Import Request.
  Time since last request: 0.069007 seconds.
  path: Assets/12 Fps/Intro Anim_00016.png
  artifactKey: Guid(b05d64a507c8c46158f33cb889e0b4ca) Importer(815301076,1909f56bfc062723c751e8b465ee728b)
Start importing Assets/12 Fps/Intro Anim_00016.png using Guid(b05d64a507c8c46158f33cb889e0b4ca) Importer(815301076,1909f56bfc062723c751e8b465ee728b) (PreviewImporter) -> (artifact id: '7c204b2c4056d0733ef101657b06ec90') in 0.009907125 seconds
Number of updated asset objects reloaded before import = 0Number of asset objects unloaded after import = 3

========================================================================
Received Import Request.
  Time since last request: 0.074483 seconds.
  path: Assets/12 Fps/Intro Anim_00017.png
  artifactKey: Guid(e1a64222de11b4241842bc3e07f76dd4) Importer(815301076,1909f56bfc062723c751e8b465ee728b)
Start importing Assets/12 Fps/Intro Anim_00017.png using Guid(e1a64222de11b4241842bc3e07f76dd4) Importer(815301076,1909f56bfc062723c751e8b465ee728b) (PreviewImporter) -> (artifact id: 'd05482e66cd6cc59a90f86d4a75fcbd0') in 0.010105125 seconds
Number of updated asset objects reloaded before import = 0Number of asset objects unloaded after import = 3

========================================================================
Received Import Request.
  Time since last request: 0.069011 seconds.
  path: Assets/12 Fps/Intro Anim_00018.png
  artifactKey: Guid(20d8df25ddd6745689d34d68c13e5e7f) Importer(815301076,1909f56bfc062723c751e8b465ee728b)
Start importing Assets/12 Fps/Intro Anim_00018.png using Guid(20d8df25ddd6745689d34d68c13e5e7f) Importer(815301076,1909f56bfc062723c751e8b465ee728b) (PreviewImporter) -> (artifact id: '4453b6992803cbd752383870bd3b6cb9') in 0.010850417 seconds
Number of updated asset objects reloaded before import = 0Number of asset objects unloaded after import = 3

========================================================================
Received Import Request.
  Time since last request: 0.075333 seconds.
  path: Assets/12 Fps/Intro Anim_00019.png
  artifactKey: Guid(4217540c3ddff42c4ad8a7943078c938) Importer(815301076,1909f56bfc062723c751e8b465ee728b)
Start importing Assets/12 Fps/Intro Anim_00019.png using Guid(4217540c3ddff42c4ad8a7943078c938) Importer(815301076,1909f56bfc062723c751e8b465ee728b) (PreviewImporter) -> (artifact id: '470d28cd9a2059937af6e1cc5e5c1278') in 0.00944 seconds
Number of updated asset objects reloaded before import = 0Number of asset objects unloaded after import = 3

========================================================================
Received Import Request.
  Time since last request: 0.069211 seconds.
  path: Assets/12 Fps/Intro Anim_00020.png
  artifactKey: Guid(48795a260d1a24309981f8e9527e7793) Importer(815301076,1909f56bfc062723c751e8b465ee728b)
Start importing Assets/12 Fps/Intro Anim_00020.png using Guid(48795a260d1a24309981f8e9527e7793) Importer(815301076,1909f56bfc062723c751e8b465ee728b) (PreviewImporter) -> (artifact id: '55cb2585764aa52a84b605495b7b1110') in 0.01010875 seconds
Number of updated asset objects reloaded before import = 0Number of asset objects unloaded after import = 3

========================================================================
Received Import Request.
  Time since last request: 0.073842 seconds.
  path: Assets/12 Fps/Intro Anim_00021.png
  artifactKey: Guid(492fbab4ecc1d48818b7176f7b4b0e97) Importer(815301076,1909f56bfc062723c751e8b465ee728b)
Start importing Assets/12 Fps/Intro Anim_00021.png using Guid(492fbab4ecc1d48818b7176f7b4b0e97) Importer(815301076,1909f56bfc062723c751e8b465ee728b) (PreviewImporter) -> (artifact id: '7cce1895fde365a73b7e13b40953a504') in 0.010182291 seconds
Number of updated asset objects reloaded before import = 0Number of asset objects unloaded after import = 3

========================================================================
Received Import Request.
  Time since last request: 26.070920 seconds.
  path: Assets/12 Fps
  artifactKey: Guid(eb0c4aa108eaf4645ab935a3a95356ce) Importer(815301076,1909f56bfc062723c751e8b465ee728b)
Start importing Assets/12 Fps using Guid(eb0c4aa108eaf4645ab935a3a95356ce) Importer(815301076,1909f56bfc062723c751e8b465ee728b) (PreviewImporter) -> (artifact id: '39f98054d5c30a4ff20d4e82944bcdf9') in 0.000711084 seconds
Number of updated asset objects reloaded before import = 0Number of asset objects unloaded after import = 0

========================================================================
Received Import Request.
  Time since last request: 34.903011 seconds.
  path: Assets/12 Fps/Intro Anim_00024.png
  artifactKey: Guid(e1cf683398fd94fd8a476325c36601d7) Importer(815301076,1909f56bfc062723c751e8b465ee728b)
Start importing Assets/12 Fps/Intro Anim_00024.png using Guid(e1cf683398fd94fd8a476325c36601d7) Importer(815301076,1909f56bfc062723c751e8b465ee728b) (PreviewImporter) -> (artifact id: '17ba7050b582ab3492d6ae82a6e52e10') in 0.011259167 seconds
Number of updated asset objects reloaded before import = 0Number of asset objects unloaded after import = 3

========================================================================
Received Import Request.
  Time since last request: 0.944905 seconds.
  path: Assets/12 Fps/Intro Anim_00024.png
  artifactKey: Guid(e1cf683398fd94fd8a476325c36601d7) Importer(2089858483,b0f066a214c2f5e87bad3c948f4d605d)
Start importing Assets/12 Fps/Intro Anim_00024.png using Guid(e1cf683398fd94fd8a476325c36601d7) Importer(2089858483,b0f066a214c2f5e87bad3c948f4d605d) (ScriptedImporter) -> (artifact id: 'a545cfb2c57887ea431a6c19e8c1909f') in 0.005252167 seconds
Number of updated asset objects reloaded before import = 0Number of asset objects unloaded after import = 3

========================================================================
Received Import Request.
  Time since last request: 0.000083 seconds.
  path: Assets/12 Fps/Intro Anim_00014.png
  artifactKey: Guid(3463cb233dca14717ab043d5b35061ae) Importer(2089858483,b0f066a214c2f5e87bad3c948f4d605d)
Start importing Assets/12 Fps/Intro Anim_00014.png using Guid(3463cb233dca14717ab043d5b35061ae) Importer(2089858483,b0f066a214c2f5e87bad3c948f4d605d) (ScriptedImporter) -> (artifact id: 'cdcc62e1030a405ec7557e43188282ca') in 0.004730125 seconds
Number of updated asset objects reloaded before import = 0Number of asset objects unloaded after import = 3

========================================================================
Received Import Request.
  Time since last request: 0.000068 seconds.
  path: Assets/12 Fps/Intro Anim_00009.png
  artifactKey: Guid(06a32fa655f694d8da6d3021857fb230) Importer(2089858483,b0f066a214c2f5e87bad3c948f4d605d)
Start importing Assets/12 Fps/Intro Anim_00009.png using Guid(06a32fa655f694d8da6d3021857fb230) Importer(2089858483,b0f066a214c2f5e87bad3c948f4d605d) (ScriptedImporter) -> (artifact id: 'eebfd3aa058d3e97b0143b8f115a56d9') in 0.005278667 seconds
Number of updated asset objects reloaded before import = 0Number of asset objects unloaded after import = 3

========================================================================
Received Import Request.
  Time since last request: 0.000049 seconds.
  path: Assets/12 Fps/Intro Anim_00012.png
  artifactKey: Guid(add4ac138ac094d3fb3d54ac057e1b16) Importer(2089858483,b0f066a214c2f5e87bad3c948f4d605d)
Start importing Assets/12 Fps/Intro Anim_00012.png using Guid(add4ac138ac094d3fb3d54ac057e1b16) Importer(2089858483,b0f066a214c2f5e87bad3c948f4d605d) (ScriptedImporter) -> (artifact id: 'b9dccf069f12ccebeeb9be8d39a4cc34') in 0.006760167 seconds
Number of updated asset objects reloaded before import = 0Number of asset objects unloaded after import = 3

========================================================================
Received Import Request.
  Time since last request: 0.000096 seconds.
  path: Assets/12 Fps/Intro Anim_00000.png
  artifactKey: Guid(5db2e9e26b5f44eb18bbf3f564b7ea25) Importer(2089858483,b0f066a214c2f5e87bad3c948f4d605d)
Start importing Assets/12 Fps/Intro Anim_00000.png using Guid(5db2e9e26b5f44eb18bbf3f564b7ea25) Importer(2089858483,b0f066a214c2f5e87bad3c948f4d605d) (ScriptedImporter) -> (artifact id: '181ea365d21630a890cbd1e5c28f0b86') in 0.006230209 seconds
Number of updated asset objects reloaded before import = 0Number of asset objects unloaded after import = 3

========================================================================
Received Import Request.
  Time since last request: 0.000070 seconds.
  path: Assets/12 Fps/Intro Anim_00027.png
  artifactKey: Guid(31513330f5acb4479b899ad7138d1967) Importer(2089858483,b0f066a214c2f5e87bad3c948f4d605d)
Start importing Assets/12 Fps/Intro Anim_00027.png using Guid(31513330f5acb4479b899ad7138d1967) Importer(2089858483,b0f066a214c2f5e87bad3c948f4d605d) (ScriptedImporter) -> (artifact id: 'd1240a61692ccab29c206b4f7353b5c3') in 0.005985 seconds
Number of updated asset objects reloaded before import = 0Number of asset objects unloaded after import = 3

========================================================================
Received Import Request.
  Time since last request: 0.000141 seconds.
  path: Assets/12 Fps/Intro Anim_00017.png
  artifactKey: Guid(e1a64222de11b4241842bc3e07f76dd4) Importer(2089858483,b0f066a214c2f5e87bad3c948f4d605d)
Start importing Assets/12 Fps/Intro Anim_00017.png using Guid(e1a64222de11b4241842bc3e07f76dd4) Importer(2089858483,b0f066a214c2f5e87bad3c948f4d605d) (ScriptedImporter) -> (artifact id: '825646f5e8bdb86ec6e26a8a6b04e022') in 0.006568166 seconds
Number of updated asset objects reloaded before import = 0Number of asset objects unloaded after import = 3

========================================================================
Received Import Request.
  Time since last request: 0.000058 seconds.
  path: Assets/12 Fps/Intro Anim_00008.png
  artifactKey: Guid(eb9aa343862c043c49de35315e2a76f6) Importer(2089858483,b0f066a214c2f5e87bad3c948f4d605d)
Start importing Assets/12 Fps/Intro Anim_00008.png using Guid(eb9aa343862c043c49de35315e2a76f6) Importer(2089858483,b0f066a214c2f5e87bad3c948f4d605d) (ScriptedImporter) -> (artifact id: 'd7040368dc668110b28ef976fa1e6741') in 0.004603125 seconds
Number of updated asset objects reloaded before import = 0Number of asset objects unloaded after import = 3

========================================================================
Received Import Request.
  Time since last request: 0.000047 seconds.
  path: Assets/12 Fps/Intro Anim_00019.png
  artifactKey: Guid(4217540c3ddff42c4ad8a7943078c938) Importer(2089858483,b0f066a214c2f5e87bad3c948f4d605d)
Start importing Assets/12 Fps/Intro Anim_00019.png using Guid(4217540c3ddff42c4ad8a7943078c938) Importer(2089858483,b0f066a214c2f5e87bad3c948f4d605d) (ScriptedImporter) -> (artifact id: '08cecb433e74b77d10b268fe534516f8') in 0.007574542 seconds
Number of updated asset objects reloaded before import = 0Number of asset objects unloaded after import = 3

========================================================================
Received Import Request.
  Time since last request: 0.000051 seconds.
  path: Assets/12 Fps/Intro Anim_00013.png
  artifactKey: Guid(de40b808da1944758a55ec1636c849eb) Importer(2089858483,b0f066a214c2f5e87bad3c948f4d605d)
Start importing Assets/12 Fps/Intro Anim_00013.png using Guid(de40b808da1944758a55ec1636c849eb) Importer(2089858483,b0f066a214c2f5e87bad3c948f4d605d) (ScriptedImporter) -> (artifact id: '0638c15e59585757c71d2335c1715170') in 0.004689417 seconds
Number of updated asset objects reloaded before import = 0Number of asset objects unloaded after import = 3

========================================================================
Received Import Request.
  Time since last request: 0.000087 seconds.
  path: Assets/12 Fps/Intro Anim_00015.png
  artifactKey: Guid(3781641fcd3ab4326b2ff89c2cd15709) Importer(2089858483,b0f066a214c2f5e87bad3c948f4d605d)
Start importing Assets/12 Fps/Intro Anim_00015.png using Guid(3781641fcd3ab4326b2ff89c2cd15709) Importer(2089858483,b0f066a214c2f5e87bad3c948f4d605d) (ScriptedImporter) -> (artifact id: 'ed2dd413aaae6f9846542b222e9478c1') in 0.006334291 seconds
Number of updated asset objects reloaded before import = 0Number of asset objects unloaded after import = 3

========================================================================
Received Import Request.
  Time since last request: 0.000219 seconds.
  path: Assets/12 Fps/Intro Anim_00032.png
  artifactKey: Guid(f85e3d16dfeaa411b893f2426392d2a7) Importer(2089858483,b0f066a214c2f5e87bad3c948f4d605d)
Start importing Assets/12 Fps/Intro Anim_00032.png using Guid(f85e3d16dfeaa411b893f2426392d2a7) Importer(2089858483,b0f066a214c2f5e87bad3c948f4d605d) (ScriptedImporter) -> (artifact id: '0c2dbf67f254e347d89ad987cb998998') in 0.006024667 seconds
Number of updated asset objects reloaded before import = 0Number of asset objects unloaded after import = 3

========================================================================
Received Import Request.
  Time since last request: 0.000100 seconds.
  path: Assets/12 Fps/Intro Anim_00010.png
  artifactKey: Guid(9c6ecaa146f5f4dd8adc9b5f73c84ddd) Importer(2089858483,b0f066a214c2f5e87bad3c948f4d605d)
Start importing Assets/12 Fps/Intro Anim_00010.png using Guid(9c6ecaa146f5f4dd8adc9b5f73c84ddd) Importer(2089858483,b0f066a214c2f5e87bad3c948f4d605d) (ScriptedImporter) -> (artifact id: 'bebf6a2d9e802d8592053f53bd0a9ee9') in 0.006057875 seconds
Number of updated asset objects reloaded before import = 0Number of asset objects unloaded after import = 3

========================================================================
Received Import Request.
  Time since last request: 0.000061 seconds.
  path: Assets/12 Fps/Intro Anim_00023.png
  artifactKey: Guid(8d8b1b26fb4594650944106c5e6d58f3) Importer(2089858483,b0f066a214c2f5e87bad3c948f4d605d)
Start importing Assets/12 Fps/Intro Anim_00023.png using Guid(8d8b1b26fb4594650944106c5e6d58f3) Importer(2089858483,b0f066a214c2f5e87bad3c948f4d605d) (ScriptedImporter) -> (artifact id: '9d7cd93667bc29a418288d1819d05350') in 0.005403333 seconds
Number of updated asset objects reloaded before import = 0Number of asset objects unloaded after import = 3

========================================================================
Received Import Request.
  Time since last request: 0.000078 seconds.
  path: Assets/12 Fps/Intro Anim_00018.png
  artifactKey: Guid(20d8df25ddd6745689d34d68c13e5e7f) Importer(2089858483,b0f066a214c2f5e87bad3c948f4d605d)
Start importing Assets/12 Fps/Intro Anim_00018.png using Guid(20d8df25ddd6745689d34d68c13e5e7f) Importer(2089858483,b0f066a214c2f5e87bad3c948f4d605d) (ScriptedImporter) -> (artifact id: '4e00126fd4e6e07a93e5b435b94d43a7') in 0.006786416 seconds
Number of updated asset objects reloaded before import = 0Number of asset objects unloaded after import = 3

========================================================================
Received Import Request.
  Time since last request: 0.000095 seconds.
  path: Assets/12 Fps/Intro Anim_00026.png
  artifactKey: Guid(91944d0bebee24104b5d3aa22077c7f6) Importer(2089858483,b0f066a214c2f5e87bad3c948f4d605d)
Start importing Assets/12 Fps/Intro Anim_00026.png using Guid(91944d0bebee24104b5d3aa22077c7f6) Importer(2089858483,b0f066a214c2f5e87bad3c948f4d605d) (ScriptedImporter) -> (artifact id: '7a03bc44d341fb5c0ddf7400c5ab4969') in 0.006935083 seconds
Number of updated asset objects reloaded before import = 0Number of asset objects unloaded after import = 3

========================================================================
Received Import Request.
  Time since last request: 1.915577 seconds.
  path: Assets/12 Fps/Intro Anim_00000.png
  artifactKey: Guid(5db2e9e26b5f44eb18bbf3f564b7ea25) Importer(815301076,1909f56bfc062723c751e8b465ee728b)
Start importing Assets/12 Fps/Intro Anim_00000.png using Guid(5db2e9e26b5f44eb18bbf3f564b7ea25) Importer(815301076,1909f56bfc062723c751e8b465ee728b) (PreviewImporter) -> (artifact id: '1e95c06b3316b2aae89e53f036924a21') in 0.012721834 seconds
Number of updated asset objects reloaded before import = 0Number of asset objects unloaded after import = 3

========================================================================
Received Import Request.
  Time since last request: 3.080837 seconds.
  path: Assets/12 Fps/Intro Anim_00001.png
  artifactKey: Guid(b2411f9cd16fa4c7e972360492a99158) Importer(815301076,1909f56bfc062723c751e8b465ee728b)
Start importing Assets/12 Fps/Intro Anim_00001.png using Guid(b2411f9cd16fa4c7e972360492a99158) Importer(815301076,1909f56bfc062723c751e8b465ee728b) (PreviewImporter) -> (artifact id: 'e7f7eae4deb26ed539b224987e3106fc') in 0.013509792 seconds
Number of updated asset objects reloaded before import = 0Number of asset objects unloaded after import = 3

========================================================================
Received Import Request.
  Time since last request: 0.485487 seconds.
  path: Assets/12 Fps/Intro Anim_00002.png
  artifactKey: Guid(199e3678a6ad847b28a346219a077ca8) Importer(815301076,1909f56bfc062723c751e8b465ee728b)
Start importing Assets/12 Fps/Intro Anim_00002.png using Guid(199e3678a6ad847b28a346219a077ca8) Importer(815301076,1909f56bfc062723c751e8b465ee728b) (PreviewImporter) -> (artifact id: '92ffce95c97fe9b47547c91ccab3627e') in 0.010675791 seconds
Number of updated asset objects reloaded before import = 0Number of asset objects unloaded after import = 3

========================================================================
Received Import Request.
  Time since last request: 0.068388 seconds.
  path: Assets/12 Fps/Intro Anim_00003.png
  artifactKey: Guid(02d1f92de098e4ea0a4fdf83712fce39) Importer(815301076,1909f56bfc062723c751e8b465ee728b)
Start importing Assets/12 Fps/Intro Anim_00003.png using Guid(02d1f92de098e4ea0a4fdf83712fce39) Importer(815301076,1909f56bfc062723c751e8b465ee728b) (PreviewImporter) -> (artifact id: '9465e43b079dd7ae25ebc757a032ac37') in 0.00776025 seconds
Number of updated asset objects reloaded before import = 0Number of asset objects unloaded after import = 3

========================================================================
Received Import Request.
  Time since last request: 0.074757 seconds.
  path: Assets/12 Fps/Intro Anim_00004.png
  artifactKey: Guid(931b7057bbf184ad99a6aeee5ce4ccfa) Importer(815301076,1909f56bfc062723c751e8b465ee728b)
Start importing Assets/12 Fps/Intro Anim_00004.png using Guid(931b7057bbf184ad99a6aeee5ce4ccfa) Importer(815301076,1909f56bfc062723c751e8b465ee728b) (PreviewImporter) -> (artifact id: 'a1fa11b960d8888b0276b8e7e17fd8ce') in 0.007697 seconds
Number of updated asset objects reloaded before import = 0Number of asset objects unloaded after import = 3

========================================================================
Received Import Request.
  Time since last request: 0.074463 seconds.
  path: Assets/12 Fps/Intro Anim_00005.png
  artifactKey: Guid(7bac4609b3f7a4c1183c1f656e43ed4f) Importer(815301076,1909f56bfc062723c751e8b465ee728b)
Start importing Assets/12 Fps/Intro Anim_00005.png using Guid(7bac4609b3f7a4c1183c1f656e43ed4f) Importer(815301076,1909f56bfc062723c751e8b465ee728b) (PreviewImporter) -> (artifact id: '21d72e272ba79ec6447eaf27ca7b82d7') in 0.00776325 seconds
Number of updated asset objects reloaded before import = 0Number of asset objects unloaded after import = 3

========================================================================
Received Import Request.
  Time since last request: 0.071634 seconds.
  path: Assets/12 Fps/Intro Anim_00006.png
  artifactKey: Guid(16c69d1ffd0fb4ca4a60e7b42141b402) Importer(815301076,1909f56bfc062723c751e8b465ee728b)
Start importing Assets/12 Fps/Intro Anim_00006.png using Guid(16c69d1ffd0fb4ca4a60e7b42141b402) Importer(815301076,1909f56bfc062723c751e8b465ee728b) (PreviewImporter) -> (artifact id: 'a9618d037a82eaf40c9d1d82410270c7') in 0.007794458 seconds
Number of updated asset objects reloaded before import = 0Number of asset objects unloaded after import = 3

========================================================================
Received Import Request.
  Time since last request: 0.076291 seconds.
  path: Assets/12 Fps/Intro Anim_00007.png
  artifactKey: Guid(ca9ed123c907440c7a35214d7b0fc28a) Importer(815301076,1909f56bfc062723c751e8b465ee728b)
Start importing Assets/12 Fps/Intro Anim_00007.png using Guid(ca9ed123c907440c7a35214d7b0fc28a) Importer(815301076,1909f56bfc062723c751e8b465ee728b) (PreviewImporter) -> (artifact id: '2ecb32b2cfa971aa579e5a0fce76a025') in 0.007861583 seconds
Number of updated asset objects reloaded before import = 0Number of asset objects unloaded after import = 3

========================================================================
Received Import Request.
  Time since last request: 0.071114 seconds.
  path: Assets/12 Fps/Intro Anim_00008.png
  artifactKey: Guid(eb9aa343862c043c49de35315e2a76f6) Importer(815301076,1909f56bfc062723c751e8b465ee728b)
Start importing Assets/12 Fps/Intro Anim_00008.png using Guid(eb9aa343862c043c49de35315e2a76f6) Importer(815301076,1909f56bfc062723c751e8b465ee728b) (PreviewImporter) -> (artifact id: 'a7efe568e80b7941ccbd88035a82a119') in 0.008021292 seconds
Number of updated asset objects reloaded before import = 0Number of asset objects unloaded after import = 3

========================================================================
Received Import Request.
  Time since last request: 0.074547 seconds.
  path: Assets/12 Fps/Intro Anim_00009.png
  artifactKey: Guid(06a32fa655f694d8da6d3021857fb230) Importer(815301076,1909f56bfc062723c751e8b465ee728b)
Start importing Assets/12 Fps/Intro Anim_00009.png using Guid(06a32fa655f694d8da6d3021857fb230) Importer(815301076,1909f56bfc062723c751e8b465ee728b) (PreviewImporter) -> (artifact id: '434ad3c564e0a4cf0462705ff7fdd52f') in 0.00827925 seconds
Number of updated asset objects reloaded before import = 0Number of asset objects unloaded after import = 3

========================================================================
Received Import Request.
  Time since last request: 0.074316 seconds.
  path: Assets/12 Fps/Intro Anim_00010.png
  artifactKey: Guid(9c6ecaa146f5f4dd8adc9b5f73c84ddd) Importer(815301076,1909f56bfc062723c751e8b465ee728b)
Start importing Assets/12 Fps/Intro Anim_00010.png using Guid(9c6ecaa146f5f4dd8adc9b5f73c84ddd) Importer(815301076,1909f56bfc062723c751e8b465ee728b) (PreviewImporter) -> (artifact id: 'd56a114b96548be84a97001bf3c77c42') in 0.008081875 seconds
Number of updated asset objects reloaded before import = 0Number of asset objects unloaded after import = 3

========================================================================
Received Import Request.
  Time since last request: 0.072128 seconds.
  path: Assets/12 Fps/Intro Anim_00011.png
  artifactKey: Guid(879832d2af7014fb7bfdfe5fe778cd31) Importer(815301076,1909f56bfc062723c751e8b465ee728b)
Start importing Assets/12 Fps/Intro Anim_00011.png using Guid(879832d2af7014fb7bfdfe5fe778cd31) Importer(815301076,1909f56bfc062723c751e8b465ee728b) (PreviewImporter) -> (artifact id: '25357d2b2e106930f99c343193833a65') in 0.007939208 seconds
Number of updated asset objects reloaded before import = 0Number of asset objects unloaded after import = 3

========================================================================
Received Import Request.
  Time since last request: 0.073782 seconds.
  path: Assets/12 Fps/Intro Anim_00012.png
  artifactKey: Guid(add4ac138ac094d3fb3d54ac057e1b16) Importer(815301076,1909f56bfc062723c751e8b465ee728b)
Start importing Assets/12 Fps/Intro Anim_00012.png using Guid(add4ac138ac094d3fb3d54ac057e1b16) Importer(815301076,1909f56bfc062723c751e8b465ee728b) (PreviewImporter) -> (artifact id: '799423bae522a6f8bf2e2d1cdbf948d5') in 0.008195833 seconds
Number of updated asset objects reloaded before import = 0Number of asset objects unloaded after import = 3

========================================================================
Received Import Request.
  Time since last request: 0.074856 seconds.
  path: Assets/12 Fps/Intro Anim_00013.png
  artifactKey: Guid(de40b808da1944758a55ec1636c849eb) Importer(815301076,1909f56bfc062723c751e8b465ee728b)
Start importing Assets/12 Fps/Intro Anim_00013.png using Guid(de40b808da1944758a55ec1636c849eb) Importer(815301076,1909f56bfc062723c751e8b465ee728b) (PreviewImporter) -> (artifact id: '845895443f41ea93314e497dc5642e3d') in 0.008404667 seconds
Number of updated asset objects reloaded before import = 0Number of asset objects unloaded after import = 3

========================================================================
Received Import Request.
  Time since last request: 0.074552 seconds.
  path: Assets/12 Fps/Intro Anim_00014.png
  artifactKey: Guid(3463cb233dca14717ab043d5b35061ae) Importer(815301076,1909f56bfc062723c751e8b465ee728b)
Start importing Assets/12 Fps/Intro Anim_00014.png using Guid(3463cb233dca14717ab043d5b35061ae) Importer(815301076,1909f56bfc062723c751e8b465ee728b) (PreviewImporter) -> (artifact id: '9f27883cd0a48314fb19da870a8fbd03') in 0.008044709 seconds
Number of updated asset objects reloaded before import = 0Number of asset objects unloaded after import = 3

========================================================================
Received Import Request.
  Time since last request: 0.071739 seconds.
  path: Assets/12 Fps/Intro Anim_00015.png
  artifactKey: Guid(3781641fcd3ab4326b2ff89c2cd15709) Importer(815301076,1909f56bfc062723c751e8b465ee728b)
Start importing Assets/12 Fps/Intro Anim_00015.png using Guid(3781641fcd3ab4326b2ff89c2cd15709) Importer(815301076,1909f56bfc062723c751e8b465ee728b) (PreviewImporter) -> (artifact id: '6b8cd9ac2230d637993513f450cbc034') in 0.007833125 seconds
Number of updated asset objects reloaded before import = 0Number of asset objects unloaded after import = 3

========================================================================
Received Import Request.
  Time since last request: 0.074366 seconds.
  path: Assets/12 Fps/Intro Anim_00016.png
  artifactKey: Guid(b05d64a507c8c46158f33cb889e0b4ca) Importer(815301076,1909f56bfc062723c751e8b465ee728b)
Start importing Assets/12 Fps/Intro Anim_00016.png using Guid(b05d64a507c8c46158f33cb889e0b4ca) Importer(815301076,1909f56bfc062723c751e8b465ee728b) (PreviewImporter) -> (artifact id: '0af5a44b10d066f6f37633c456de6823') in 0.008076792 seconds
Number of updated asset objects reloaded before import = 0Number of asset objects unloaded after import = 3

========================================================================
Received Import Request.
  Time since last request: 4.845436 seconds.
  path: Assets/12 Fps/Intro Anim_00016.png
  artifactKey: Guid(b05d64a507c8c46158f33cb889e0b4ca) Importer(815301076,1909f56bfc062723c751e8b465ee728b)
Start importing Assets/12 Fps/Intro Anim_00016.png using Guid(b05d64a507c8c46158f33cb889e0b4ca) Importer(815301076,1909f56bfc062723c751e8b465ee728b) (PreviewImporter) -> (artifact id: '05c80788d48d695c49830966642465f7') in 0.0111965 seconds
Number of updated asset objects reloaded before import = 0Number of asset objects unloaded after import = 3

========================================================================
Received Import Request.
  Time since last request: 0.977167 seconds.
  path: Assets/12 Fps/Intro Anim_00016.png
  artifactKey: Guid(b05d64a507c8c46158f33cb889e0b4ca) Importer(2089858483,b0f066a214c2f5e87bad3c948f4d605d)
Start importing Assets/12 Fps/Intro Anim_00016.png using Guid(b05d64a507c8c46158f33cb889e0b4ca) Importer(2089858483,b0f066a214c2f5e87bad3c948f4d605d) (ScriptedImporter) -> (artifact id: 'babcb38e95531a53ee3478890316a7df') in 0.006025125 seconds
Number of updated asset objects reloaded before import = 0Number of asset objects unloaded after import = 3

